
> procollab@0.0.0 build:social:prod
> npm run build:sprite && ng build social_platform --configuration=production


> procollab@0.0.0 build:sprite
> svg-sprite -s --dest=projects/social_platform/src/assets/icons "projects/social_platform/src/assets/icons/svg/**/*.svg"

> Building...
√ Building...
Initial chunk files | Names                       |  Raw size | Estimated transfer size
chunk-3CG57ZN5.js   | -                           | 435.93 kB |                73.95 kB
chunk-EMX2ZQ7G.js   | -                           | 213.04 kB |                60.81 kB
main-O2SWNA4H.js    | main                        | 207.24 kB |                53.23 kB
styles-JB553RZJ.css | styles                      | 133.36 kB |                12.17 kB
chunk-32JCLU4R.js   | -                           | 111.30 kB |                28.30 kB
chunk-FQQXBL2D.js   | -                           |  83.07 kB |                25.83 kB
chunk-V2IJE6ER.js   | -                           |  72.83 kB |                16.82 kB
chunk-YIH7FSUZ.js   | -                           |  63.35 kB |                12.16 kB
chunk-SEBII2ES.js   | -                           |  42.79 kB |                 8.66 kB
chunk-DGTRQFRV.js   | -                           |  29.13 kB |                 5.34 kB
chunk-Q6NJS6MG.js   | -                           |  27.24 kB |                 7.03 kB
chunk-WYGUCQ2H.js   | -                           |  11.43 kB |                 2.59 kB
chunk-DN3CBCVF.js   | -                           |   8.34 kB |                 2.56 kB
chunk-JL552RI3.js   | -                           |   4.30 kB |                 1.19 kB
chunk-J63M22RD.js   | -                           |   4.04 kB |                 1.47 kB
chunk-N7P262YB.js   | -                           |   3.19 kB |                 1.27 kB
chunk-GYIMPQDO.js   | -                           |   3.02 kB |                 1.14 kB
chunk-JP4HTDU5.js   | -                           |   1.47 kB |               386 bytes
chunk-VOSPIT4N.js   | -                           |   1.22 kB |               521 bytes
chunk-UMKP35NR.js   | -                           | 695 bytes |               695 bytes
chunk-JHUOFMVX.js   | -                           | 483 bytes |               483 bytes
chunk-ZTXJLEZP.js   | -                           | 474 bytes |               474 bytes
chunk-IAS7Y3HI.js   | -                           | 465 bytes |               465 bytes
chunk-4WVOMZ3C.js   | -                           | 352 bytes |               352 bytes
chunk-Y7FCNQPS.js   | -                           | 195 bytes |               195 bytes
chunk-RQDRLMC2.js   | -                           | 180 bytes |               180 bytes
chunk-W2ZPBHP5.js   | -                           | 160 bytes |               160 bytes
chunk-N7PJCV3T.js   | -                           | 128 bytes |               128 bytes
chunk-DKVRXEF2.js   | -                           | 127 bytes |               127 bytes
chunk-PY5GJ2VA.js   | -                           |  51 bytes |                51 bytes
chunk-GDMD5RKS.js   | -                           |  51 bytes |                51 bytes
chunk-NCHAAQO5.js   | -                           |  30 bytes |                30 bytes
chunk-KTRLVWC3.js   | -                           |  30 bytes |                30 bytes
chunk-CRTRRB5R.js   | -                           |  30 bytes |                30 bytes
chunk-PKT6RRYE.js   | -                           |  30 bytes |                30 bytes
chunk-YIJ4Z6S4.js   | -                           |  30 bytes |                30 bytes
chunk-KEPWQ2XV.js   | -                           |  30 bytes |                30 bytes
chunk-FE3JRQRM.js   | -                           |  30 bytes |                30 bytes
chunk-GAELZNYR.js   | -                           |  25 bytes |                25 bytes
chunk-4CQUPGHG.js   | -                           |  25 bytes |                25 bytes
chunk-PPZSTFUD.js   | -                           |  25 bytes |                25 bytes
chunk-UYXSSEQD.js   | -                           |  25 bytes |                25 bytes
chunk-FI4DW6KU.js   | -                           |  25 bytes |                25 bytes
chunk-25HWN6II.js   | -                           |  25 bytes |                25 bytes
chunk-SVFKPVOL.js   | -                           |  25 bytes |                25 bytes
chunk-CRUTENDI.js   | -                           |   0 bytes |                 0 bytes
chunk-S7EUWH5W.js   | -                           |   0 bytes |                 0 bytes

                    | Initial total               |   1.46 MB |               319.19 kB

Lazy chunk files    | Names                       |  Raw size | Estimated transfer size
chunk-M3GFW3BB.js   | detail-routes               | 275.03 kB |                42.16 kB
chunk-6VIOOPBT.js   | onboarding-routes           | 113.25 kB |                15.06 kB
chunk-DGDJLME2.js   | office-routes               | 111.68 kB |                19.67 kB
chunk-BEFPGAFR.js   | detail-routes               |  92.27 kB |                16.92 kB
chunk-ACE7VP46.js   | lesson-routes               |  85.07 kB |                10.96 kB
chunk-FKCA4C6N.js   | -                           |  83.92 kB |                16.36 kB
chunk-ZOBCXQ4X.js   | projects-routes             |  79.38 kB |                14.50 kB
chunk-OM7RVM2H.js   | -                           |  72.50 kB |                13.57 kB
chunk-AJJJSWEY.js   | index                       |  72.43 kB |                17.54 kB
chunk-AMVSDNEL.js   | auth-routes                 |  71.06 kB |                 9.72 kB
chunk-K5BP25SC.js   | feed-routes                 |  47.71 kB |                 7.69 kB
chunk-JDJBBXO4.js   | vacancies-detail-routes     |  45.38 kB |                 8.95 kB
chunk-SXNPXFOC.js   | profile-detail-routes       |  40.98 kB |                 7.75 kB
chunk-BJAXUOYJ.js   | course-detail-routes        |  40.92 kB |                 7.16 kB
chunk-KBPUUHZY.js   | project-team-step-component |  40.76 kB |                 8.14 kB
...and 88 more lazy chunks files. Use "--verbose" to show all the files.

Application bundle generation complete. [23.899 seconds] - 2026-10-05T12:33:34.917Z

▲ [WARNING] 23 repetitive deprecation warnings omitted.
Run in verbose mode to see all warnings. [plugin angular-sass]

  null


▲ [WARNING] 1 repetitive deprecation warnings omitted.
Run in verbose mode to see all warnings. [plugin angular-sass]

  null


▲ [WARNING] 6 repetitive deprecation warnings omitted.
Run in verbose mode to see all warnings. [plugin angular-sass]

  null


▲ [WARNING] 3 repetitive deprecation warnings omitted.
Run in verbose mode to see all warnings. [plugin angular-sass]

  null


▲ [WARNING] 32 repetitive deprecation warnings omitted.
Run in verbose mode to see all warnings. [plugin angular-sass]

  null


▲ [WARNING] 4 repetitive deprecation warnings omitted.
Run in verbose mode to see all warnings. [plugin angular-sass]

  null


▲ [WARNING] 4 repetitive deprecation warnings omitted.
Run in verbose mode to see all warnings. [plugin angular-sass]

  null


▲ [WARNING] 3 repetitive deprecation warnings omitted.
Run in verbose mode to see all warnings. [plugin angular-sass]

  null


▲ [WARNING] 24 repetitive deprecation warnings omitted.
Run in verbose mode to see all warnings. [plugin angular-sass]

  null


▲ [WARNING] 9 repetitive deprecation warnings omitted.
Run in verbose mode to see all warnings. [plugin angular-sass]

  null


▲ [WARNING] 3 repetitive deprecation warnings omitted.
Run in verbose mode to see all warnings. [plugin angular-sass]

  null


▲ [WARNING] 12 repetitive deprecation warnings omitted.
Run in verbose mode to see all warnings. [plugin angular-sass]

  null


▲ [WARNING] 5 repetitive deprecation warnings omitted.
Run in verbose mode to see all warnings. [plugin angular-sass]

  null


▲ [WARNING] 2 repetitive deprecation warnings omitted.
Run in verbose mode to see all warnings. [plugin angular-sass]

  null


▲ [WARNING] NG8113: BackComponent is not used within the template of CoursesComponent [plugin angular-compiler]

    projects/social_platform/src/app/ui/pages/courses/courses.component.ts:19:4:
      19 │     BackComponent,
         ╵     ~~~~~~~~~~~~~


▲ [WARNING] NG8107: The left side of this optional chain operation does not include 'null' or 'undefined' in its type, therefore the '?.' operator can be replaced with the '.' operator. [plugin angular-compiler]

    projects/social_platform/src/app/ui/pages/members/member-card/member-card.component.html:9:67:
      9 │ ...card__photo" [url]="member().personal?.avatar || ''" [size]="70" />
        ╵                                           ~~~~~~

  Warning occurs in the template of component MemberCardComponent.

    projects/social_platform/src/app/ui/pages/members/member-card/member-card.component.ts:16:15:
      16 │   templateUrl: "./member-card.component.html",
         ╵                ~~~~~~~~~~~~~~~~~~~~~~~~~~~~~~


▲ [WARNING] NG8107: The left side of this optional chain operation does not include 'null' or 'undefined' in its type, therefore the '?.' operator can be replaced with the '.' operator. [plugin angular-compiler]

    projects/social_platform/src/app/ui/pages/members/member-card/member-card.component.html:15:66:
      15 │ ...er-card__secondary" [title]="member().personal?.speciality || ''">
         ╵                                                    ~~~~~~~~~~

  Warning occurs in the template of component MemberCardComponent.

    projects/social_platform/src/app/ui/pages/members/member-card/member-card.component.ts:16:15:
      16 │   templateUrl: "./member-card.component.html",
         ╵                ~~~~~~~~~~~~~~~~~~~~~~~~~~~~~~


▲ [WARNING] NG8107: The left side of this optional chain operation does not include 'null' or 'undefined' in its type, therefore the '?.' operator can be replaced with the '.' operator. [plugin angular-compiler]

    projects/social_platform/src/app/ui/pages/members/member-card/member-card.component.html:16:28:
      16 │       {{ member().personal?.speciality }}
         ╵                             ~~~~~~~~~~

  Warning occurs in the template of component MemberCardComponent.

    projects/social_platform/src/app/ui/pages/members/member-card/member-card.component.ts:16:15:
      16 │   templateUrl: "./member-card.component.html",
         ╵                ~~~~~~~~~~~~~~~~~~~~~~~~~~~~~~


▲ [WARNING] NG8107: The left side of this optional chain operation does not include 'null' or 'undefined' in its type, therefore the '?.' operator can be replaced with the '.' operator. [plugin angular-compiler]

    projects/social_platform/src/app/ui/pages/members/member-card/member-card.component.html:17:30:
      17 │       @if (member().personal?.birthday; as birthday) {
         ╵                               ~~~~~~~~

  Warning occurs in the template of component MemberCardComponent.

    projects/social_platform/src/app/ui/pages/members/member-card/member-card.component.ts:16:15:
      16 │   templateUrl: "./member-card.component.html",
         ╵                ~~~~~~~~~~~~~~~~~~~~~~~~~~~~~~


▲ [WARNING] NG8107: The left side of this optional chain operation does not include 'null' or 'undefined' in its type, therefore the '?.' operator can be replaced with the '.' operator. [plugin angular-compiler]

    projects/social_platform/src/app/ui/pages/members/member-card/member-card.component.html:18:30:
      18 │         {{ member().personal?.speciality ? " • " : "" }}{{ birth...
         ╵                               ~~~~~~~~~~

  Warning occurs in the template of component MemberCardComponent.

    projects/social_platform/src/app/ui/pages/members/member-card/member-card.component.ts:16:15:
      16 │   templateUrl: "./member-card.component.html",
         ╵                ~~~~~~~~~~~~~~~~~~~~~~~~~~~~~~


▲ [WARNING] NG8113: DialogFooterDirective is not used within the template of MemberFiltersDialogComponent [plugin angular-compiler]

    projects/social_platform/src/app/ui/pages/members/member-filters-dialog/member-filters-dialog.component.ts:37:4:
      37 │     DialogFooterDirective,
         ╵     ~~~~~~~~~~~~~~~~~~~~~


▲ [WARNING] NG8113: ProfileInfoComponent is not used within the template of NavComponent [plugin angular-compiler]

    projects/social_platform/src/app/ui/pages/office/nav/nav.component.ts:82:4:
      82 │     ProfileInfoComponent,
         ╵     ~~~~~~~~~~~~~~~~~~~~


▲ [WARNING] NG8113: AlertDirective is not used within the template of SnackbarComponent [plugin angular-compiler]

    projects/social_platform/src/app/ui/pages/office/snackbar/snackbar.component.ts:37:12:
      37 │   imports: [AlertDirective, CommonModule, IconComponent],
         ╵             ~~~~~~~~~~~~~~


▲ [WARNING] NG8107: The left side of this optional chain operation does not include 'null' or 'undefined' in its type, therefore the '?.' operator can be replaced with the '.' operator. [plugin angular-compiler]

    projects/social_platform/src/app/ui/pages/onboarding/stage-zero/stage-zero.component.html:435:45:
      435 │ ...               @if (achievements.at(i)?.get("title"); as title) {
          ╵                                            ~~~

  Warning occurs in the template of component OnboardingStageZeroComponent.

    projects/social_platform/src/app/ui/pages/onboarding/stage-zero/stage-zero.component.ts:23:15:
      23 │   templateUrl: "./stage-zero.component.html",
         ╵                ~~~~~~~~~~~~~~~~~~~~~~~~~~~~~


▲ [WARNING] NG8102: The left side of this nullish coalescing operation does not include 'null' or 'undefined' in its type, therefore the '??' operator can be safely removed. [plugin angular-compiler]

    projects/social_platform/src/app/ui/pages/profile/detail/main/components/profile-left-side/profile-left-side.component.html:28:15:
      28 │ ...        {{ user()!.personal.speciality ?? "не указана" }}
         ╵               ~~~~~~~~~~~~~~~~~~~~~~~~~~~~~~~~~~~~~~

  Warning occurs in the template of component ProfileLeftSideComponent.

    projects/social_platform/src/app/ui/pages/profile/detail/main/components/profile-left-side/profile-left-side.component.ts:23:15:
      23 │   templateUrl: "./profile-left-side.component.html",
         ╵                ~~~~~~~~~~~~~~~~~~~~~~~~~~~~~~~~~~~~


▲ [WARNING] NG8113: TruncatePipe is not used within the template of ProfileLeftSideComponent [plugin angular-compiler]

    projects/social_platform/src/app/ui/pages/profile/detail/main/components/profile-left-side/profile-left-side.component.ts:25:78:
      25 │ ...RouterModule, IconComponent, YearsFromBirthdayPipe, TruncatePipe],
         ╵                                                        ~~~~~~~~~~~~


▲ [WARNING] NG8113: TruncatePipe is not used within the template of ProfileRightSideComponent [plugin angular-compiler]

    projects/social_platform/src/app/ui/pages/profile/detail/main/components/profile-right-side/profile-right-side.component.ts:32:4:
      32 │     TruncatePipe,
         ╵     ~~~~~~~~~~~~


▲ [WARNING] NG8113: UploadFileComponent is not used within the template of ProfileMainStepComponent [plugin angular-compiler]

    projects/social_platform/src/app/ui/pages/profile/edit/components/profile-main-step/profile-main-step.component.ts:33:4:
      33 │     UploadFileComponent,
         ╵     ~~~~~~~~~~~~~~~~~~~


▲ [WARNING] NG8107: The left side of this optional chain operation does not include 'null' or 'undefined' in its type, therefore the '?.' operator can be replaced with the '.' operator. [plugin angular-compiler]

    projects/social_platform/src/app/ui/pages/program/detail/list/list.component.html:95:52:
      95 │ ...      [isSubscribed]="profileProjSubsIds()?.includes(listItem.id)"
         ╵                                                ~~~~~~~~

  Warning occurs in the template of component ProgramListComponent.

    projects/social_platform/src/app/ui/pages/program/detail/list/list.component.ts:40:15:
      40 │   templateUrl: "./list.component.html",
         ╵                ~~~~~~~~~~~~~~~~~~~~~~~


▲ [WARNING] NG8107: The left side of this optional chain operation does not include 'null' or 'undefined' in its type, therefore the '?.' operator can be replaced with the '.' operator. [plugin angular-compiler]

    projects/social_platform/src/app/ui/pages/program/detail/list/list.component.html:103:54:
      103 │ ...     [isSubscribed]="profileProjSubsIds()?.includes(listItem.id)"
          ╵                                               ~~~~~~~~

  Warning occurs in the template of component ProgramListComponent.

    projects/social_platform/src/app/ui/pages/program/detail/list/list.component.ts:40:15:
      40 │   templateUrl: "./list.component.html",
         ╵                ~~~~~~~~~~~~~~~~~~~~~~~


▲ [WARNING] NG8107: The left side of this optional chain operation does not include 'null' or 'undefined' in its type, therefore the '?.' operator can be replaced with the '.' operator. [plugin angular-compiler]

    projects/social_platform/src/app/ui/pages/program/detail/main/main.component.html:73:64:
      73 │ ...)!.isUserMember && program()!.links?.length && program()!.links) {
         ╵                                         ~~~~~~

  Warning occurs in the template of component ProgramDetailMainComponent.

    projects/social_platform/src/app/ui/pages/program/detail/main/main.component.ts:38:15:
      38 │   templateUrl: "./main.component.html",
         ╵                ~~~~~~~~~~~~~~~~~~~~~~~


▲ [WARNING] NG8107: The left side of this optional chain operation does not include 'null' or 'undefined' in its type, therefore the '?.' operator can be replaced with the '.' operator. [plugin angular-compiler]

    projects/social_platform/src/app/ui/pages/program/detail/main/main.component.html:82:68:
      82 │ ...   @if (program()!.isUserMember && program()!.materials?.length) {
         ╵                                                             ~~~~~~

  Warning occurs in the template of component ProgramDetailMainComponent.

    projects/social_platform/src/app/ui/pages/program/detail/main/main.component.ts:38:15:
      38 │   templateUrl: "./main.component.html",
         ╵                ~~~~~~~~~~~~~~~~~~~~~~~


▲ [WARNING] NG8113: BackComponent is not used within the template of ProgramComponent [plugin angular-compiler]

    projects/social_platform/src/app/ui/pages/program/program.component.ts:22:4:
      22 │     BackComponent,
         ╵     ~~~~~~~~~~~~~


▲ [WARNING] NG8113: MessageInputComponent is not used within the template of ProjectChatComponent [plugin angular-compiler]

    projects/social_platform/src/app/ui/pages/projects/detail/chat/chat.component.ts:34:4:
      34 │     MessageInputComponent,
         ╵     ~~~~~~~~~~~~~~~~~~~~~


▲ [WARNING] NG8107: The left side of this optional chain operation does not include 'null' or 'undefined' in its type, therefore the '?.' operator can be replaced with the '.' operator. [plugin angular-compiler]

    projects/social_platform/src/app/ui/pages/projects/edit/components/project-achievement-step/project-achievement-step.component.html:10:39:
      10 │ ...     @if (achievements.at(i)?.get("title"); as achievementsName) {
         ╵                                  ~~~

  Warning occurs in the template of component ProjectAchievementStepComponent.

    projects/social_platform/src/app/ui/pages/projects/edit/components/project-achievement-step/project-achievement-step.component.ts:17:15:
      17 │   templateUrl: "./project-achievement-step.component.html",
         ╵                ~~~~~~~~~~~~~~~~~~~~~~~~~~~~~~~~~~~~~~~~~~~


▲ [WARNING] NG8107: The left side of this optional chain operation does not include 'null' or 'undefined' in its type, therefore the '?.' operator can be replaced with the '.' operator. [plugin angular-compiler]

    projects/social_platform/src/app/ui/pages/projects/edit/components/project-main-step/project-main-step.component.html:315:32:
      315 │               @if (goals.at(i)?.get("title"); as goalName) {
          ╵                                 ~~~

  Warning occurs in the template of component ProjectMainStepComponent.

    projects/social_platform/src/app/ui/pages/projects/edit/components/project-main-step/project-main-step.component.ts:39:15:
      39 │   templateUrl: "./project-main-step.component.html",
         ╵                ~~~~~~~~~~~~~~~~~~~~~~~~~~~~~~~~~~~~


▲ [WARNING] NG8107: The left side of this optional chain operation does not include 'null' or 'undefined' in its type, therefore the '?.' operator can be replaced with the '.' operator. [plugin angular-compiler]

    projects/social_platform/src/app/ui/pages/projects/edit/components/project-main-step/project-main-step.component.html:331:32:
      331 │               @if (goals.at(i)?.get("completionDate"); as goalDat...
          ╵                                 ~~~

  Warning occurs in the template of component ProjectMainStepComponent.

    projects/social_platform/src/app/ui/pages/projects/edit/components/project-main-step/project-main-step.component.ts:39:15:
      39 │   templateUrl: "./project-main-step.component.html",
         ╵                ~~~~~~~~~~~~~~~~~~~~~~~~~~~~~~~~~~~~


▲ [WARNING] NG8107: The left side of this optional chain operation does not include 'null' or 'undefined' in its type, therefore the '?.' operator can be replaced with the '.' operator. [plugin angular-compiler]

    projects/social_platform/src/app/ui/pages/projects/edit/components/project-main-step/project-main-step.component.html:353:32:
      353 │               @if (goals.at(i)?.get("responsible"); as goalLeader) {
          ╵                                 ~~~

  Warning occurs in the template of component ProjectMainStepComponent.

    projects/social_platform/src/app/ui/pages/projects/edit/components/project-main-step/project-main-step.component.ts:39:15:
      39 │   templateUrl: "./project-main-step.component.html",
         ╵                ~~~~~~~~~~~~~~~~~~~~~~~~~~~~~~~~~~~~


▲ [WARNING] NG8107: The left side of this optional chain operation does not include 'null' or 'undefined' in its type, therefore the '?.' operator can be replaced with the '.' operator. [plugin angular-compiler]

    projects/social_platform/src/app/ui/pages/projects/edit/components/project-partner-resources-step/project-partner-resources-step.component.html:11:37:
      11 │                 @if (partners.at(i)?.get("name"); as name) {
         ╵                                      ~~~

  Warning occurs in the template of component ProjectPartnerResourcesStepComponent.

    projects/social_platform/src/app/ui/pages/projects/edit/components/project-partner-resources-step/project-partner-resources-step.component.ts:20:15:
      20 │   templateUrl: "./project-partner-resources-step.component.html",
         ╵                ~~~~~~~~~~~~~~~~~~~~~~~~~~~~~~~~~~~~~~~~~~~~~~~~~


▲ [WARNING] NG8107: The left side of this optional chain operation does not include 'null' or 'undefined' in its type, therefore the '?.' operator can be replaced with the '.' operator. [plugin angular-compiler]

    projects/social_platform/src/app/ui/pages/projects/edit/components/project-partner-resources-step/project-partner-resources-step.component.html:27:37:
      27 │                 @if (partners.at(i)?.get("inn"); as inn) {
         ╵                                      ~~~

  Warning occurs in the template of component ProjectPartnerResourcesStepComponent.

    projects/social_platform/src/app/ui/pages/projects/edit/components/project-partner-resources-step/project-partner-resources-step.component.ts:20:15:
      20 │   templateUrl: "./project-partner-resources-step.component.html",
         ╵                ~~~~~~~~~~~~~~~~~~~~~~~~~~~~~~~~~~~~~~~~~~~~~~~~~


▲ [WARNING] NG8107: The left side of this optional chain operation does not include 'null' or 'undefined' in its type, therefore the '?.' operator can be replaced with the '.' operator. [plugin angular-compiler]

    projects/social_platform/src/app/ui/pages/projects/edit/components/project-partner-resources-step/project-partner-resources-step.component.html:46:35:
      46 │ ...         @if (partners.at(i)?.get("contribution"); as contribut...
         ╵                                  ~~~

  Warning occurs in the template of component ProjectPartnerResourcesStepComponent.

    projects/social_platform/src/app/ui/pages/projects/edit/components/project-partner-resources-step/project-partner-resources-step.component.ts:20:15:
      20 │   templateUrl: "./project-partner-resources-step.component.html",
         ╵                ~~~~~~~~~~~~~~~~~~~~~~~~~~~~~~~~~~~~~~~~~~~~~~~~~


▲ [WARNING] NG8107: The left side of this optional chain operation does not include 'null' or 'undefined' in its type, therefore the '?.' operator can be replaced with the '.' operator. [plugin angular-compiler]

    projects/social_platform/src/app/ui/pages/projects/edit/components/project-partner-resources-step/project-partner-resources-step.component.html:63:35:
      63 │ ...         @if (partners.at(i)?.get("decisionMaker"); as decision...
         ╵                                  ~~~

  Warning occurs in the template of component ProjectPartnerResourcesStepComponent.

    projects/social_platform/src/app/ui/pages/projects/edit/components/project-partner-resources-step/project-partner-resources-step.component.ts:20:15:
      20 │   templateUrl: "./project-partner-resources-step.component.html",
         ╵                ~~~~~~~~~~~~~~~~~~~~~~~~~~~~~~~~~~~~~~~~~~~~~~~~~


▲ [WARNING] NG8107: The left side of this optional chain operation does not include 'null' or 'undefined' in its type, therefore the '?.' operator can be replaced with the '.' operator. [plugin angular-compiler]

    projects/social_platform/src/app/ui/pages/projects/edit/components/project-partner-resources-step/project-partner-resources-step.component.html:116:36:
      116 │               @if (resources.at(i)?.get("type"); as type) {
          ╵                                     ~~~

  Warning occurs in the template of component ProjectPartnerResourcesStepComponent.

    projects/social_platform/src/app/ui/pages/projects/edit/components/project-partner-resources-step/project-partner-resources-step.component.ts:20:15:
      20 │   templateUrl: "./project-partner-resources-step.component.html",
         ╵                ~~~~~~~~~~~~~~~~~~~~~~~~~~~~~~~~~~~~~~~~~~~~~~~~~


▲ [WARNING] NG8107: The left side of this optional chain operation does not include 'null' or 'undefined' in its type, therefore the '?.' operator can be replaced with the '.' operator. [plugin angular-compiler]

    projects/social_platform/src/app/ui/pages/projects/edit/components/project-partner-resources-step/project-partner-resources-step.component.html:133:36:
      133 │ ...        @if (resources.at(i)?.get("description"); as descripti...
          ╵                                  ~~~

  Warning occurs in the template of component ProjectPartnerResourcesStepComponent.

    projects/social_platform/src/app/ui/pages/projects/edit/components/project-partner-resources-step/project-partner-resources-step.component.ts:20:15:
      20 │   templateUrl: "./project-partner-resources-step.component.html",
         ╵                ~~~~~~~~~~~~~~~~~~~~~~~~~~~~~~~~~~~~~~~~~~~~~~~~~


▲ [WARNING] NG8107: The left side of this optional chain operation does not include 'null' or 'undefined' in its type, therefore the '?.' operator can be replaced with the '.' operator. [plugin angular-compiler]

    projects/social_platform/src/app/ui/pages/projects/edit/components/project-partner-resources-step/project-partner-resources-step.component.html:150:36:
      150 │ ...        @if (resources.at(i)?.get("partnerCompany"); as partne...
          ╵                                  ~~~

  Warning occurs in the template of component ProjectPartnerResourcesStepComponent.

    projects/social_platform/src/app/ui/pages/projects/edit/components/project-partner-resources-step/project-partner-resources-step.component.ts:20:15:
      20 │   templateUrl: "./project-partner-resources-step.component.html",
         ╵                ~~~~~~~~~~~~~~~~~~~~~~~~~~~~~~~~~~~~~~~~~~~~~~~~~


▲ [WARNING] NG8109: isFilterOpen is a function and should be invoked: isFilterOpen() [plugin angular-compiler]

    projects/social_platform/src/app/ui/pages/projects/projects.component.html:118:73:
      118 │ ...="filter page__filter" [class.page__filter--open]="isFilterOpen">
          ╵                                                       ~~~~~~~~~~~~

  Warning occurs in the template of component ProjectsComponent.

    projects/social_platform/src/app/ui/pages/projects/projects.component.ts:33:15:
      33 │   templateUrl: "./projects.component.html",
         ╵                ~~~~~~~~~~~~~~~~~~~~~~~~~~~


▲ [WARNING] NG8107: The left side of this optional chain operation does not include 'null' or 'undefined' in its type, therefore the '?.' operator can be replaced with the '.' operator. [plugin angular-compiler]

    projects/social_platform/src/app/ui/pages/vacancies/detail/info/components/vacancies-left-side/vacancies-left-side.component.html:7:29:
      7 │       @if (item.description?.trim()) {
        ╵                              ~~~~

  Warning occurs in the template of component VacanciesLeftSideComponent.

    projects/social_platform/src/app/ui/pages/vacancies/detail/info/components/vacancies-left-side/vacancies-left-side.component.ts:9:15:
      9 │   templateUrl: "./vacancies-left-side.component.html",
        ╵                ~~~~~~~~~~~~~~~~~~~~~~~~~~~~~~~~~~~~~~


▲ [WARNING] NG8107: The left side of this optional chain operation does not include 'null' or 'undefined' in its type, therefore the '?.' operator can be replaced with the '.' operator. [plugin angular-compiler]

    projects/social_platform/src/app/ui/pages/vacancies/detail/info/components/vacancies-right-side/vacancies-right-side.component.html:57:23:
      57 │     @if (item.project?.links?.length) {
         ╵                        ~~~~~

  Warning occurs in the template of component VacanciesRightSideComponent.

    projects/social_platform/src/app/ui/pages/vacancies/detail/info/components/vacancies-right-side/vacancies-right-side.component.ts:14:15:
      14 │   templateUrl: "./vacancies-right-side.component.html",
         ╵                ~~~~~~~~~~~~~~~~~~~~~~~~~~~~~~~~~~~~~~~


▲ [WARNING] NG8113: BackComponent is not used within the template of VacanciesComponent [plugin angular-compiler]

    projects/social_platform/src/app/ui/pages/vacancies/vacancies.component.ts:27:4:
      27 │     BackComponent,
         ╵     ~~~~~~~~~~~~~


▲ [WARNING] NG8113: CardDirective is not used within the template of NewsCardComponent [plugin angular-compiler]

    projects/social_platform/src/app/ui/widgets/news-card/news-card.component.ts:58:4:
      58 │     CardDirective,
         ╵     ~~~~~~~~~~~~~


▲ [WARNING] Deprecation [plugin angular-sass]

    projects/social_platform/src/app/ui/pages/auth/login/login.component.scss:29:4:
      29 │     padding-left: 10px;
         ╵     ^


  Sass's behavior for declarations that appear after nested
  rules will be changing to match the behavior specified by CSS in an upcoming
  version. To keep the existing behavior, move the declaration above the nested
  rule. To opt into the new behavior, wrap the declaration in `& {}`.

  More info: https://sass-lang.com/d/mixed-decls


▲ [WARNING] Deprecation [plugin angular-sass]

    projects/social_platform/src/app/ui/pages/courses/list/course/course.component.scss:14:2:
      14 │   position: relative;
         ╵   ^


  Sass's behavior for declarations that appear after nested
  rules will be changing to match the behavior specified by CSS in an upcoming
  version. To keep the existing behavior, move the declaration above the nested
  rule. To opt into the new behavior, wrap the declaration in `& {}`.

  More info: https://sass-lang.com/d/mixed-decls


▲ [WARNING] Deprecation [plugin angular-sass]

    projects/social_platform/src/app/ui/pages/courses/list/course/course.component.scss:15:2:
      15 │   width: 100%;
         ╵   ^


  Sass's behavior for declarations that appear after nested
  rules will be changing to match the behavior specified by CSS in an upcoming
  version. To keep the existing behavior, move the declaration above the nested
  rule. To opt into the new behavior, wrap the declaration in `& {}`.

  More info: https://sass-lang.com/d/mixed-decls


▲ [WARNING] Deprecation [plugin angular-sass]

    projects/social_platform/src/app/ui/pages/courses/list/course/course.component.scss:16:2:
      16 │   max-width: 333px;
         ╵   ^


  Sass's behavior for declarations that appear after nested
  rules will be changing to match the behavior specified by CSS in an upcoming
  version. To keep the existing behavior, move the declaration above the nested
  rule. To opt into the new behavior, wrap the declaration in `& {}`.

  More info: https://sass-lang.com/d/mixed-decls


▲ [WARNING] Deprecation [plugin angular-sass]

    projects/social_platform/src/app/ui/pages/courses/list/course/course.component.scss:17:2:
      17 │   overflow: hidden;
         ╵   ^


  Sass's behavior for declarations that appear after nested
  rules will be changing to match the behavior specified by CSS in an upcoming
  version. To keep the existing behavior, move the declaration above the nested
  rule. To opt into the new behavior, wrap the declaration in `& {}`.

  More info: https://sass-lang.com/d/mixed-decls


▲ [WARNING] Deprecation [plugin angular-sass]

    projects/social_platform/src/app/ui/pages/courses/list/course/course.component.scss:18:2:
      18 │   cursor: pointer;
         ╵   ^


  Sass's behavior for declarations that appear after nested
  rules will be changing to match the behavior specified by CSS in an upcoming
  version. To keep the existing behavior, move the declaration above the nested
  rule. To opt into the new behavior, wrap the declaration in `& {}`.

  More info: https://sass-lang.com/d/mixed-decls


▲ [WARNING] Deprecation [plugin angular-sass]

    projects/social_platform/src/app/ui/pages/members/member-card/member-card.component.scss:16:2:
      16 │   position: relative;
         ╵   ^


  Sass's behavior for declarations that appear after nested
  rules will be changing to match the behavior specified by CSS in an upcoming
  version. To keep the existing behavior, move the declaration above the nested
  rule. To opt into the new behavior, wrap the declaration in `& {}`.

  More info: https://sass-lang.com/d/mixed-decls


▲ [WARNING] Deprecation [plugin angular-sass]

    projects/social_platform/src/app/ui/pages/members/member-card/member-card.component.scss:17:2:
      17 │   box-sizing: border-box;
         ╵   ^


  Sass's behavior for declarations that appear after nested
  rules will be changing to match the behavior specified by CSS in an upcoming
  version. To keep the existing behavior, move the declaration above the nested
  rule. To opt into the new behavior, wrap the declaration in `& {}`.

  More info: https://sass-lang.com/d/mixed-decls


▲ [WARNING] Deprecation [plugin angular-sass]

    projects/social_platform/src/app/ui/pages/members/member-card/member-card.component.scss:18:2:
      18 │   display: block;
         ╵   ^


  Sass's behavior for declarations that appear after nested
  rules will be changing to match the behavior specified by CSS in an upcoming
  version. To keep the existing behavior, move the declaration above the nested
  rule. To opt into the new behavior, wrap the declaration in `& {}`.

  More info: https://sass-lang.com/d/mixed-decls


▲ [WARNING] Deprecation [plugin angular-sass]

    projects/social_platform/src/app/ui/pages/members/member-card/member-card.component.scss:19:2:
      19 │   width: 156px;
         ╵   ^


  Sass's behavior for declarations that appear after nested
  rules will be changing to match the behavior specified by CSS in an upcoming
  version. To keep the existing behavior, move the declaration above the nested
  rule. To opt into the new behavior, wrap the declaration in `& {}`.

  More info: https://sass-lang.com/d/mixed-decls


▲ [WARNING] Deprecation [plugin angular-sass]

    projects/social_platform/src/app/ui/pages/members/member-card/member-card.component.scss:20:2:
      20 │   height: 248px;
         ╵   ^


  Sass's behavior for declarations that appear after nested
  rules will be changing to match the behavior specified by CSS in an upcoming
  version. To keep the existing behavior, move the declaration above the nested
  rule. To opt into the new behavior, wrap the declaration in `& {}`.

  More info: https://sass-lang.com/d/mixed-decls


▲ [WARNING] Deprecation [plugin angular-sass]

    projects/social_platform/src/app/ui/pages/office/nav/nav.component.scss:42:4:
      42 │     max-width: responsive.$container-md;
         ╵     ^


  Sass's behavior for declarations that appear after nested
  rules will be changing to match the behavior specified by CSS in an upcoming
  version. To keep the existing behavior, move the declaration above the nested
  rule. To opt into the new behavior, wrap the declaration in `& {}`.

  More info: https://sass-lang.com/d/mixed-decls


▲ [WARNING] Deprecation [plugin angular-sass]

    projects/social_platform/src/app/ui/pages/office/nav/nav.component.scss:42:4:
      42 │     max-width: responsive.$container-md;
         ╵     ^


  Sass's behavior for declarations that appear after nested
  rules will be changing to match the behavior specified by CSS in an upcoming
  version. To keep the existing behavior, move the declaration above the nested
  rule. To opt into the new behavior, wrap the declaration in `& {}`.

  More info: https://sass-lang.com/d/mixed-decls


▲ [WARNING] Deprecation [plugin angular-sass]

    projects/social_platform/src/app/ui/pages/office/nav/nav.component.scss:42:4:
      42 │     max-width: responsive.$container-md;
         ╵     ^


  Sass's behavior for declarations that appear after nested
  rules will be changing to match the behavior specified by CSS in an upcoming
  version. To keep the existing behavior, move the declaration above the nested
  rule. To opt into the new behavior, wrap the declaration in `& {}`.

  More info: https://sass-lang.com/d/mixed-decls


▲ [WARNING] Deprecation [plugin angular-sass]

    projects/social_platform/src/app/ui/pages/office/nav/nav.component.scss:42:4:
      42 │     max-width: responsive.$container-md;
         ╵     ^


  Sass's behavior for declarations that appear after nested
  rules will be changing to match the behavior specified by CSS in an upcoming
  version. To keep the existing behavior, move the declaration above the nested
  rule. To opt into the new behavior, wrap the declaration in `& {}`.

  More info: https://sass-lang.com/d/mixed-decls


▲ [WARNING] Deprecation [plugin angular-sass]

    projects/social_platform/src/app/ui/pages/office/nav/nav.component.scss:42:4:
      42 │     max-width: responsive.$container-md;
         ╵     ^


  Sass's behavior for declarations that appear after nested
  rules will be changing to match the behavior specified by CSS in an upcoming
  version. To keep the existing behavior, move the declaration above the nested
  rule. To opt into the new behavior, wrap the declaration in `& {}`.

  More info: https://sass-lang.com/d/mixed-decls


▲ [WARNING] Deprecation [plugin angular-sass]

    projects/social_platform/src/app/ui/pages/office/office.component.scss:51:4:
      51 │     align-items: center;
         ╵     ^


  Sass's behavior for declarations that appear after nested
  rules will be changing to match the behavior specified by CSS in an upcoming
  version. To keep the existing behavior, move the declaration above the nested
  rule. To opt into the new behavior, wrap the declaration in `& {}`.

  More info: https://sass-lang.com/d/mixed-decls


▲ [WARNING] Deprecation [plugin angular-sass]

    projects/social_platform/src/app/ui/pages/office/office.component.scss:51:4:
      51 │     align-items: center;
         ╵     ^


  Sass's behavior for declarations that appear after nested
  rules will be changing to match the behavior specified by CSS in an upcoming
  version. To keep the existing behavior, move the declaration above the nested
  rule. To opt into the new behavior, wrap the declaration in `& {}`.

  More info: https://sass-lang.com/d/mixed-decls


▲ [WARNING] Deprecation [plugin angular-sass]

    projects/social_platform/src/app/ui/pages/office/office.component.scss:51:4:
      51 │     align-items: center;
         ╵     ^


  Sass's behavior for declarations that appear after nested
  rules will be changing to match the behavior specified by CSS in an upcoming
  version. To keep the existing behavior, move the declaration above the nested
  rule. To opt into the new behavior, wrap the declaration in `& {}`.

  More info: https://sass-lang.com/d/mixed-decls


▲ [WARNING] Deprecation [plugin angular-sass]

    projects/social_platform/src/app/ui/pages/office/office.component.scss:52:4:
      52 │     justify-content: space-between;
         ╵     ^


  Sass's behavior for declarations that appear after nested
  rules will be changing to match the behavior specified by CSS in an upcoming
  version. To keep the existing behavior, move the declaration above the nested
  rule. To opt into the new behavior, wrap the declaration in `& {}`.

  More info: https://sass-lang.com/d/mixed-decls


▲ [WARNING] Deprecation [plugin angular-sass]

    projects/social_platform/src/app/ui/pages/office/office.component.scss:52:4:
      52 │     justify-content: space-between;
         ╵     ^


  Sass's behavior for declarations that appear after nested
  rules will be changing to match the behavior specified by CSS in an upcoming
  version. To keep the existing behavior, move the declaration above the nested
  rule. To opt into the new behavior, wrap the declaration in `& {}`.

  More info: https://sass-lang.com/d/mixed-decls


▲ [WARNING] Deprecation [plugin angular-sass]

    projects/social_platform/src/app/ui/pages/program/detail/list/list.component.scss:295:2:
      295 │   max-height: calc(100vh - 40px);
          ╵   ^


  Sass's behavior for declarations that appear after nested
  rules will be changing to match the behavior specified by CSS in an upcoming
  version. To keep the existing behavior, move the declaration above the nested
  rule. To opt into the new behavior, wrap the declaration in `& {}`.

  More info: https://sass-lang.com/d/mixed-decls


▲ [WARNING] Deprecation [plugin angular-sass]

    projects/social_platform/src/app/ui/pages/program/detail/list/list.component.scss:295:2:
      295 │   max-height: calc(100vh - 40px);
          ╵   ^


  Sass's behavior for declarations that appear after nested
  rules will be changing to match the behavior specified by CSS in an upcoming
  version. To keep the existing behavior, move the declaration above the nested
  rule. To opt into the new behavior, wrap the declaration in `& {}`.

  More info: https://sass-lang.com/d/mixed-decls


▲ [WARNING] Deprecation [plugin angular-sass]

    projects/social_platform/src/app/ui/pages/program/detail/list/list.component.scss:295:2:
      295 │   max-height: calc(100vh - 40px);
          ╵   ^


  Sass's behavior for declarations that appear after nested
  rules will be changing to match the behavior specified by CSS in an upcoming
  version. To keep the existing behavior, move the declaration above the nested
  rule. To opt into the new behavior, wrap the declaration in `& {}`.

  More info: https://sass-lang.com/d/mixed-decls


▲ [WARNING] Deprecation [plugin angular-sass]

    projects/social_platform/src/app/ui/pages/program/detail/list/list.component.scss:295:2:
      295 │   max-height: calc(100vh - 40px);
          ╵   ^


  Sass's behavior for declarations that appear after nested
  rules will be changing to match the behavior specified by CSS in an upcoming
  version. To keep the existing behavior, move the declaration above the nested
  rule. To opt into the new behavior, wrap the declaration in `& {}`.

  More info: https://sass-lang.com/d/mixed-decls


▲ [WARNING] Deprecation [plugin angular-sass]

    projects/social_platform/src/app/ui/pages/program/detail/list/list.component.scss:305:2:
      305 │   overflow-y: auto;
          ╵   ^


  Sass's behavior for declarations that appear after nested
  rules will be changing to match the behavior specified by CSS in an upcoming
  version. To keep the existing behavior, move the declaration above the nested
  rule. To opt into the new behavior, wrap the declaration in `& {}`.

  More info: https://sass-lang.com/d/mixed-decls


▲ [WARNING] Deprecation [plugin angular-sass]

    projects/social_platform/src/app/ui/pages/projects/detail/team/team.component.scss:28:6:
      28 │       row-gap: 48px;
         ╵       ^


  Sass's behavior for declarations that appear after nested
  rules will be changing to match the behavior specified by CSS in an upcoming
  version. To keep the existing behavior, move the declaration above the nested
  rule. To opt into the new behavior, wrap the declaration in `& {}`.

  More info: https://sass-lang.com/d/mixed-decls


▲ [WARNING] Deprecation [plugin angular-sass]

    projects/social_platform/src/app/ui/pages/projects/edit/components/project-additional-step/project-additional-step.component.scss:24:2:
      24 │   position: relative;
         ╵   ^


  Sass's behavior for declarations that appear after nested
  rules will be changing to match the behavior specified by CSS in an upcoming
  version. To keep the existing behavior, move the declaration above the nested
  rule. To opt into the new behavior, wrap the declaration in `& {}`.

  More info: https://sass-lang.com/d/mixed-decls


▲ [WARNING] Deprecation [plugin angular-sass]

    projects/social_platform/src/app/ui/pages/projects/edit/edit.component.scss:153:2:
      153 │   display: flex;
          ╵   ^


  Sass's behavior for declarations that appear after nested
  rules will be changing to match the behavior specified by CSS in an upcoming
  version. To keep the existing behavior, move the declaration above the nested
  rule. To opt into the new behavior, wrap the declaration in `& {}`.

  More info: https://sass-lang.com/d/mixed-decls


▲ [WARNING] Deprecation [plugin angular-sass]

    projects/social_platform/src/app/ui/pages/projects/edit/edit.component.scss:154:2:
      154 │   flex-direction: column;
          ╵   ^


  Sass's behavior for declarations that appear after nested
  rules will be changing to match the behavior specified by CSS in an upcoming
  version. To keep the existing behavior, move the declaration above the nested
  rule. To opt into the new behavior, wrap the declaration in `& {}`.

  More info: https://sass-lang.com/d/mixed-decls


▲ [WARNING] Deprecation [plugin angular-sass]

    projects/social_platform/src/app/ui/pages/projects/edit/edit.component.scss:155:2:
      155 │   align-items: center;
          ╵   ^


  Sass's behavior for declarations that appear after nested
  rules will be changing to match the behavior specified by CSS in an upcoming
  version. To keep the existing behavior, move the declaration above the nested
  rule. To opt into the new behavior, wrap the declaration in `& {}`.

  More info: https://sass-lang.com/d/mixed-decls


▲ [WARNING] Deprecation [plugin angular-sass]

    projects/social_platform/src/app/ui/pages/projects/edit/edit.component.scss:156:2:
      156 │   justify-content: center;
          ╵   ^


  Sass's behavior for declarations that appear after nested
  rules will be changing to match the behavior specified by CSS in an upcoming
  version. To keep the existing behavior, move the declaration above the nested
  rule. To opt into the new behavior, wrap the declaration in `& {}`.

  More info: https://sass-lang.com/d/mixed-decls


▲ [WARNING] Deprecation [plugin angular-sass]

    projects/social_platform/src/app/ui/pages/projects/edit/edit.component.scss:157:2:
      157 │   width: 80%;
          ╵   ^


  Sass's behavior for declarations that appear after nested
  rules will be changing to match the behavior specified by CSS in an upcoming
  version. To keep the existing behavior, move the declaration above the nested
  rule. To opt into the new behavior, wrap the declaration in `& {}`.

  More info: https://sass-lang.com/d/mixed-decls


▲ [WARNING] Deprecation [plugin angular-sass]

    projects/social_platform/src/app/ui/pages/vacancies/detail/info/components/vacancies-right-side/vacancies-right-side.component.scss:43:4:
      43 │     flex-direction: column;
         ╵     ^


  Sass's behavior for declarations that appear after nested
  rules will be changing to match the behavior specified by CSS in an upcoming
  version. To keep the existing behavior, move the declaration above the nested
  rule. To opt into the new behavior, wrap the declaration in `& {}`.

  More info: https://sass-lang.com/d/mixed-decls


▲ [WARNING] Deprecation [plugin angular-sass]

    projects/social_platform/src/app/ui/pages/vacancies/detail/info/components/vacancies-right-side/vacancies-right-side.component.scss:43:4:
      43 │     flex-direction: column;
         ╵     ^


  Sass's behavior for declarations that appear after nested
  rules will be changing to match the behavior specified by CSS in an upcoming
  version. To keep the existing behavior, move the declaration above the nested
  rule. To opt into the new behavior, wrap the declaration in `& {}`.

  More info: https://sass-lang.com/d/mixed-decls


▲ [WARNING] Deprecation [plugin angular-sass]

    projects/social_platform/src/app/ui/pages/vacancies/detail/info/components/vacancies-right-side/vacancies-right-side.component.scss:44:4:
      44 │     margin-top: 20px;
         ╵     ^


  Sass's behavior for declarations that appear after nested
  rules will be changing to match the behavior specified by CSS in an upcoming
  version. To keep the existing behavior, move the declaration above the nested
  rule. To opt into the new behavior, wrap the declaration in `& {}`.

  More info: https://sass-lang.com/d/mixed-decls


▲ [WARNING] Deprecation [plugin angular-sass]

    projects/social_platform/src/app/ui/pages/vacancies/detail/info/components/vacancies-right-side/vacancies-right-side.component.scss:44:4:
      44 │     margin-top: 20px;
         ╵     ^


  Sass's behavior for declarations that appear after nested
  rules will be changing to match the behavior specified by CSS in an upcoming
  version. To keep the existing behavior, move the declaration above the nested
  rule. To opt into the new behavior, wrap the declaration in `& {}`.

  More info: https://sass-lang.com/d/mixed-decls


▲ [WARNING] Deprecation [plugin angular-sass]

    projects/social_platform/src/app/ui/pages/vacancies/detail/info/components/vacancies-right-side/vacancies-right-side.component.scss:73:4:
      73 │     line-height: 20px;
         ╵     ^


  Sass's behavior for declarations that appear after nested
  rules will be changing to match the behavior specified by CSS in an upcoming
  version. To keep the existing behavior, move the declaration above the nested
  rule. To opt into the new behavior, wrap the declaration in `& {}`.

  More info: https://sass-lang.com/d/mixed-decls


▲ [WARNING] Deprecation [plugin angular-sass]

    projects/social_platform/src/app/ui/pages/vacancies/detail/info/components/vacancy-responses/vacancy-responses.component.scss:81:2:
      81 │   display: flex;
         ╵   ^


  Sass's behavior for declarations that appear after nested
  rules will be changing to match the behavior specified by CSS in an upcoming
  version. To keep the existing behavior, move the declaration above the nested
  rule. To opt into the new behavior, wrap the declaration in `& {}`.

  More info: https://sass-lang.com/d/mixed-decls


▲ [WARNING] Deprecation [plugin angular-sass]

    projects/social_platform/src/app/ui/pages/vacancies/detail/info/components/vacancy-responses/vacancy-responses.component.scss:81:2:
      81 │   display: flex;
         ╵   ^


  Sass's behavior for declarations that appear after nested
  rules will be changing to match the behavior specified by CSS in an upcoming
  version. To keep the existing behavior, move the declaration above the nested
  rule. To opt into the new behavior, wrap the declaration in `& {}`.

  More info: https://sass-lang.com/d/mixed-decls


▲ [WARNING] Deprecation [plugin angular-sass]

    projects/social_platform/src/app/ui/pages/vacancies/detail/info/components/vacancy-responses/vacancy-responses.component.scss:82:2:
      82 │   flex-direction: column;
         ╵   ^


  Sass's behavior for declarations that appear after nested
  rules will be changing to match the behavior specified by CSS in an upcoming
  version. To keep the existing behavior, move the declaration above the nested
  rule. To opt into the new behavior, wrap the declaration in `& {}`.

  More info: https://sass-lang.com/d/mixed-decls


▲ [WARNING] Deprecation [plugin angular-sass]

    projects/social_platform/src/app/ui/pages/vacancies/detail/info/components/vacancy-responses/vacancy-responses.component.scss:82:2:
      82 │   flex-direction: column;
         ╵   ^


  Sass's behavior for declarations that appear after nested
  rules will be changing to match the behavior specified by CSS in an upcoming
  version. To keep the existing behavior, move the declaration above the nested
  rule. To opt into the new behavior, wrap the declaration in `& {}`.

  More info: https://sass-lang.com/d/mixed-decls


▲ [WARNING] Deprecation [plugin angular-sass]

    projects/social_platform/src/app/ui/pages/vacancies/detail/info/components/vacancy-responses/vacancy-responses.component.scss:83:2:
      83 │   gap: 16px;
         ╵   ^


  Sass's behavior for declarations that appear after nested
  rules will be changing to match the behavior specified by CSS in an upcoming
  version. To keep the existing behavior, move the declaration above the nested
  rule. To opt into the new behavior, wrap the declaration in `& {}`.

  More info: https://sass-lang.com/d/mixed-decls


▲ [WARNING] Deprecation [plugin angular-sass]

    projects/social_platform/src/app/ui/pages/vacancies/detail/vacancies-detail.component.scss:21:4:
      21 │     margin-bottom: 20px;
         ╵     ^


  Sass's behavior for declarations that appear after nested
  rules will be changing to match the behavior specified by CSS in an upcoming
  version. To keep the existing behavior, move the declaration above the nested
  rule. To opt into the new behavior, wrap the declaration in `& {}`.

  More info: https://sass-lang.com/d/mixed-decls


▲ [WARNING] Deprecation [plugin angular-sass]

    projects/social_platform/src/app/ui/pages/vacancies/detail/vacancies-detail.component.scss:21:4:
      21 │     margin-bottom: 20px;
         ╵     ^


  Sass's behavior for declarations that appear after nested
  rules will be changing to match the behavior specified by CSS in an upcoming
  version. To keep the existing behavior, move the declaration above the nested
  rule. To opt into the new behavior, wrap the declaration in `& {}`.

  More info: https://sass-lang.com/d/mixed-decls


▲ [WARNING] Deprecation [plugin angular-sass]

    projects/social_platform/src/app/ui/pages/vacancies/detail/vacancies-detail.component.scss:72:4:
      72 │     line-height: 20px;
         ╵     ^


  Sass's behavior for declarations that appear after nested
  rules will be changing to match the behavior specified by CSS in an upcoming
  version. To keep the existing behavior, move the declaration above the nested
  rule. To opt into the new behavior, wrap the declaration in `& {}`.

  More info: https://sass-lang.com/d/mixed-decls


▲ [WARNING] Deprecation [plugin angular-sass]

    projects/social_platform/src/app/ui/pages/vacancies/detail/vacancies-detail.component.scss:72:4:
      72 │     line-height: 20px;
         ╵     ^


  Sass's behavior for declarations that appear after nested
  rules will be changing to match the behavior specified by CSS in an upcoming
  version. To keep the existing behavior, move the declaration above the nested
  rule. To opt into the new behavior, wrap the declaration in `& {}`.

  More info: https://sass-lang.com/d/mixed-decls


▲ [WARNING] Deprecation [plugin angular-sass]

    projects/social_platform/src/app/ui/pages/vacancies/list/response-card/response-card.component.scss:53:4:
      53 │     line-height: 20px;
         ╵     ^


  Sass's behavior for declarations that appear after nested
  rules will be changing to match the behavior specified by CSS in an upcoming
  version. To keep the existing behavior, move the declaration above the nested
  rule. To opt into the new behavior, wrap the declaration in `& {}`.

  More info: https://sass-lang.com/d/mixed-decls


▲ [WARNING] Deprecation [plugin angular-sass]

    projects/social_platform/src/app/ui/pages/vacancies/list/response-card/response-card.component.scss:53:4:
      53 │     line-height: 20px;
         ╵     ^


  Sass's behavior for declarations that appear after nested
  rules will be changing to match the behavior specified by CSS in an upcoming
  version. To keep the existing behavior, move the declaration above the nested
  rule. To opt into the new behavior, wrap the declaration in `& {}`.

  More info: https://sass-lang.com/d/mixed-decls


▲ [WARNING] Deprecation [plugin angular-sass]

    projects/social_platform/src/app/ui/primitives/autocomplete-input/autocomplete-input.component.scss:54:8:
      54 │         + &_arrow {
         ╵         ^


  The selector "+ .field__input-slim:focus_arrow" is invalid CSS.
  This will be an error in Dart Sass 2.0.0.

  More info: https://sass-lang.com/d/bogus-combinators


▲ [WARNING] Deprecation [plugin angular-sass]

    projects/social_platform/src/app/ui/primitives/autocomplete-input/autocomplete-input.component.scss:57:10:
      57 │           i {
         ╵           ^


  The selector "+ .field__input-slim:focus_arrow i" is invalid CSS.
  This will be an error in Dart Sass 2.0.0.

  More info: https://sass-lang.com/d/bogus-combinators


▲ [WARNING] Deprecation [plugin angular-sass]

    projects/social_platform/src/app/ui/primitives/autocomplete-input/autocomplete-input.component.scss:271:8:
      271 │         +&_arrow {
          ╵         ^


  The selector "+ .field__input-slim:focus_arrow" is invalid CSS.
  This will be an error in Dart Sass 2.0.0.

  More info: https://sass-lang.com/d/bogus-combinators


▲ [WARNING] Deprecation [plugin angular-sass]

    projects/social_platform/src/app/ui/primitives/autocomplete-input/autocomplete-input.component.scss:274:10:
      274 │           i {
          ╵           ^


  The selector "+ .field__input-slim:focus_arrow i" is invalid CSS.
  This will be an error in Dart Sass 2.0.0.

  More info: https://sass-lang.com/d/bogus-combinators


▲ [WARNING] Deprecation [plugin angular-sass]

    projects/social_platform/src/app/ui/primitives/checkbox/checkbox.component.scss:11:2:
      11 │   position: relative;
         ╵   ^


  Sass's behavior for declarations that appear after nested
  rules will be changing to match the behavior specified by CSS in an upcoming
  version. To keep the existing behavior, move the declaration above the nested
  rule. To opt into the new behavior, wrap the declaration in `& {}`.

  More info: https://sass-lang.com/d/mixed-decls


▲ [WARNING] Deprecation [plugin angular-sass]

    projects/social_platform/src/app/ui/primitives/checkbox/checkbox.component.scss:12:2:
      12 │   display: flex;
         ╵   ^


  Sass's behavior for declarations that appear after nested
  rules will be changing to match the behavior specified by CSS in an upcoming
  version. To keep the existing behavior, move the declaration above the nested
  rule. To opt into the new behavior, wrap the declaration in `& {}`.

  More info: https://sass-lang.com/d/mixed-decls


▲ [WARNING] Deprecation [plugin angular-sass]

    projects/social_platform/src/app/ui/primitives/checkbox/checkbox.component.scss:13:2:
      13 │   align-items: center;
         ╵   ^


  Sass's behavior for declarations that appear after nested
  rules will be changing to match the behavior specified by CSS in an upcoming
  version. To keep the existing behavior, move the declaration above the nested
  rule. To opt into the new behavior, wrap the declaration in `& {}`.

  More info: https://sass-lang.com/d/mixed-decls


▲ [WARNING] Deprecation [plugin angular-sass]

    projects/social_platform/src/app/ui/primitives/checkbox/checkbox.component.scss:14:2:
      14 │   justify-content: center;
         ╵   ^


  Sass's behavior for declarations that appear after nested
  rules will be changing to match the behavior specified by CSS in an upcoming
  version. To keep the existing behavior, move the declaration above the nested
  rule. To opt into the new behavior, wrap the declaration in `& {}`.

  More info: https://sass-lang.com/d/mixed-decls


▲ [WARNING] Deprecation [plugin angular-sass]

    projects/social_platform/src/app/ui/primitives/checkbox/checkbox.component.scss:15:2:
      15 │   width: 20px;
         ╵   ^


  Sass's behavior for declarations that appear after nested
  rules will be changing to match the behavior specified by CSS in an upcoming
  version. To keep the existing behavior, move the declaration above the nested
  rule. To opt into the new behavior, wrap the declaration in `& {}`.

  More info: https://sass-lang.com/d/mixed-decls


▲ [WARNING] Deprecation [plugin angular-sass]

    projects/social_platform/src/app/ui/primitives/modal/modal.component.scss:76:4:
      76 │     background: var(--white);
         ╵     ^


  Sass's behavior for declarations that appear after nested
  rules will be changing to match the behavior specified by CSS in an upcoming
  version. To keep the existing behavior, move the declaration above the nested
  rule. To opt into the new behavior, wrap the declaration in `& {}`.

  More info: https://sass-lang.com/d/mixed-decls


▲ [WARNING] Deprecation [plugin angular-sass]

    projects/social_platform/src/app/ui/primitives/modal/modal.component.scss:76:4:
      76 │     background: var(--white);
         ╵     ^


  Sass's behavior for declarations that appear after nested
  rules will be changing to match the behavior specified by CSS in an upcoming
  version. To keep the existing behavior, move the declaration above the nested
  rule. To opt into the new behavior, wrap the declaration in `& {}`.

  More info: https://sass-lang.com/d/mixed-decls


▲ [WARNING] Deprecation [plugin angular-sass]

    projects/social_platform/src/app/ui/primitives/modal/modal.component.scss:76:4:
      76 │     background: var(--white);
         ╵     ^


  Sass's behavior for declarations that appear after nested
  rules will be changing to match the behavior specified by CSS in an upcoming
  version. To keep the existing behavior, move the declaration above the nested
  rule. To opt into the new behavior, wrap the declaration in `& {}`.

  More info: https://sass-lang.com/d/mixed-decls


▲ [WARNING] Deprecation [plugin angular-sass]

    projects/social_platform/src/app/ui/primitives/modal/modal.component.scss:76:4:
      76 │     background: var(--white);
         ╵     ^


  Sass's behavior for declarations that appear after nested
  rules will be changing to match the behavior specified by CSS in an upcoming
  version. To keep the existing behavior, move the declaration above the nested
  rule. To opt into the new behavior, wrap the declaration in `& {}`.

  More info: https://sass-lang.com/d/mixed-decls


▲ [WARNING] Deprecation [plugin angular-sass]

    projects/social_platform/src/app/ui/primitives/modal/modal.component.scss:76:4:
      76 │     background: var(--white);
         ╵     ^


  Sass's behavior for declarations that appear after nested
  rules will be changing to match the behavior specified by CSS in an upcoming
  version. To keep the existing behavior, move the declaration above the nested
  rule. To opt into the new behavior, wrap the declaration in `& {}`.

  More info: https://sass-lang.com/d/mixed-decls


▲ [WARNING] Deprecation [plugin angular-sass]

    projects/social_platform/src/app/ui/primitives/tag/tag.component.scss:11:2:
      11 │   position: relative;
         ╵   ^


  Sass's behavior for declarations that appear after nested
  rules will be changing to match the behavior specified by CSS in an upcoming
  version. To keep the existing behavior, move the declaration above the nested
  rule. To opt into the new behavior, wrap the declaration in `& {}`.

  More info: https://sass-lang.com/d/mixed-decls


▲ [WARNING] Deprecation [plugin angular-sass]

    projects/social_platform/src/app/ui/primitives/tag/tag.component.scss:12:2:
      12 │   display: flex;
         ╵   ^


  Sass's behavior for declarations that appear after nested
  rules will be changing to match the behavior specified by CSS in an upcoming
  version. To keep the existing behavior, move the declaration above the nested
  rule. To opt into the new behavior, wrap the declaration in `& {}`.

  More info: https://sass-lang.com/d/mixed-decls


▲ [WARNING] Deprecation [plugin angular-sass]

    projects/social_platform/src/app/ui/primitives/tag/tag.component.scss:13:2:
      13 │   align-items: center;
         ╵   ^


  Sass's behavior for declarations that appear after nested
  rules will be changing to match the behavior specified by CSS in an upcoming
  version. To keep the existing behavior, move the declaration above the nested
  rule. To opt into the new behavior, wrap the declaration in `& {}`.

  More info: https://sass-lang.com/d/mixed-decls


▲ [WARNING] Deprecation [plugin angular-sass]

    projects/social_platform/src/app/ui/primitives/tag/tag.component.scss:14:2:
      14 │   justify-content: center;
         ╵   ^


  Sass's behavior for declarations that appear after nested
  rules will be changing to match the behavior specified by CSS in an upcoming
  version. To keep the existing behavior, move the declaration above the nested
  rule. To opt into the new behavior, wrap the declaration in `& {}`.

  More info: https://sass-lang.com/d/mixed-decls


▲ [WARNING] Deprecation [plugin angular-sass]

    projects/social_platform/src/app/ui/primitives/tag/tag.component.scss:15:2:
      15 │   width: 100%;
         ╵   ^


  Sass's behavior for declarations that appear after nested
  rules will be changing to match the behavior specified by CSS in an upcoming
  version. To keep the existing behavior, move the declaration above the nested
  rule. To opt into the new behavior, wrap the declaration in `& {}`.

  More info: https://sass-lang.com/d/mixed-decls


▲ [WARNING] Deprecation [plugin angular-sass]

    projects/social_platform/src/app/ui/primitives/textarea/textarea.component.scss:60:6:
      60 │       border-radius: var(--ui-radius-card);
         ╵       ^


  Sass's behavior for declarations that appear after nested
  rules will be changing to match the behavior specified by CSS in an upcoming
  version. To keep the existing behavior, move the declaration above the nested
  rule. To opt into the new behavior, wrap the declaration in `& {}`.

  More info: https://sass-lang.com/d/mixed-decls


▲ [WARNING] Deprecation [plugin angular-sass]

    projects/social_platform/src/app/ui/primitives/textarea/textarea.component.scss:60:6:
      60 │       border-radius: var(--ui-radius-card);
         ╵       ^


  Sass's behavior for declarations that appear after nested
  rules will be changing to match the behavior specified by CSS in an upcoming
  version. To keep the existing behavior, move the declaration above the nested
  rule. To opt into the new behavior, wrap the declaration in `& {}`.

  More info: https://sass-lang.com/d/mixed-decls


▲ [WARNING] Deprecation [plugin angular-sass]

    projects/social_platform/src/app/ui/primitives/textarea/textarea.component.scss:60:6:
      60 │       border-radius: var(--ui-radius-card);
         ╵       ^


  Sass's behavior for declarations that appear after nested
  rules will be changing to match the behavior specified by CSS in an upcoming
  version. To keep the existing behavior, move the declaration above the nested
  rule. To opt into the new behavior, wrap the declaration in `& {}`.

  More info: https://sass-lang.com/d/mixed-decls


▲ [WARNING] Deprecation [plugin angular-sass]

    projects/social_platform/src/app/ui/primitives/textarea/textarea.component.scss:60:6:
      60 │       border-radius: var(--ui-radius-card);
         ╵       ^


  Sass's behavior for declarations that appear after nested
  rules will be changing to match the behavior specified by CSS in an upcoming
  version. To keep the existing behavior, move the declaration above the nested
  rule. To opt into the new behavior, wrap the declaration in `& {}`.

  More info: https://sass-lang.com/d/mixed-decls


▲ [WARNING] Deprecation [plugin angular-sass]

    projects/social_platform/src/app/ui/primitives/textarea/textarea.component.scss:60:6:
      60 │       border-radius: var(--ui-radius-card);
         ╵       ^


  Sass's behavior for declarations that appear after nested
  rules will be changing to match the behavior specified by CSS in an upcoming
  version. To keep the existing behavior, move the declaration above the nested
  rule. To opt into the new behavior, wrap the declaration in `& {}`.

  More info: https://sass-lang.com/d/mixed-decls


▲ [WARNING] Deprecation [plugin angular-sass]

    projects/social_platform/src/app/ui/widgets/info-card/info-card.component.scss:12:4:
      12 │     position: relative;
         ╵     ^


  Sass's behavior for declarations that appear after nested
  rules will be changing to match the behavior specified by CSS in an upcoming
  version. To keep the existing behavior, move the declaration above the nested
  rule. To opt into the new behavior, wrap the declaration in `& {}`.

  More info: https://sass-lang.com/d/mixed-decls


▲ [WARNING] Deprecation [plugin angular-sass]

    projects/social_platform/src/app/ui/widgets/info-card/info-card.component.scss:13:4:
      13 │     display: flex;
         ╵     ^


  Sass's behavior for declarations that appear after nested
  rules will be changing to match the behavior specified by CSS in an upcoming
  version. To keep the existing behavior, move the declaration above the nested
  rule. To opt into the new behavior, wrap the declaration in `& {}`.

  More info: https://sass-lang.com/d/mixed-decls


▲ [WARNING] Deprecation [plugin angular-sass]

    projects/social_platform/src/app/ui/widgets/info-card/info-card.component.scss:14:4:
      14 │     flex-direction: column;
         ╵     ^


  Sass's behavior for declarations that appear after nested
  rules will be changing to match the behavior specified by CSS in an upcoming
  version. To keep the existing behavior, move the declaration above the nested
  rule. To opt into the new behavior, wrap the declaration in `& {}`.

  More info: https://sass-lang.com/d/mixed-decls


▲ [WARNING] Deprecation [plugin angular-sass]

    projects/social_platform/src/app/ui/widgets/info-card/info-card.component.scss:15:4:
      15 │     width: 156px;
         ╵     ^


  Sass's behavior for declarations that appear after nested
  rules will be changing to match the behavior specified by CSS in an upcoming
  version. To keep the existing behavior, move the declaration above the nested
  rule. To opt into the new behavior, wrap the declaration in `& {}`.

  More info: https://sass-lang.com/d/mixed-decls


▲ [WARNING] Deprecation [plugin angular-sass]

    projects/social_platform/src/app/ui/widgets/info-card/info-card.component.scss:96:4:
      96 │     width: 100%;
         ╵     ^


  Sass's behavior for declarations that appear after nested
  rules will be changing to match the behavior specified by CSS in an upcoming
  version. To keep the existing behavior, move the declaration above the nested
  rule. To opt into the new behavior, wrap the declaration in `& {}`.

  More info: https://sass-lang.com/d/mixed-decls


▲ [WARNING] Deprecation [plugin angular-sass]

    projects/social_platform/src/app/ui/widgets/news-card/feed-news-preview/feed-news-preview.component.scss:16:2:
      16 │   cursor: pointer;
         ╵   ^


  Sass's behavior for declarations that appear after nested
  rules will be changing to match the behavior specified by CSS in an upcoming
  version. To keep the existing behavior, move the declaration above the nested
  rule. To opt into the new behavior, wrap the declaration in `& {}`.

  More info: https://sass-lang.com/d/mixed-decls


▲ [WARNING] Deprecation [plugin angular-sass]

    projects/social_platform/src/app/ui/widgets/project-vacancy-card/project-vacancy-card.component.scss:19:2:
      19 │   display: flex;
         ╵   ^


  Sass's behavior for declarations that appear after nested
  rules will be changing to match the behavior specified by CSS in an upcoming
  version. To keep the existing behavior, move the declaration above the nested
  rule. To opt into the new behavior, wrap the declaration in `& {}`.

  More info: https://sass-lang.com/d/mixed-decls


▲ [WARNING] Deprecation [plugin angular-sass]

    projects/social_platform/src/app/ui/widgets/project-vacancy-card/project-vacancy-card.component.scss:19:2:
      19 │   display: flex;
         ╵   ^


  Sass's behavior for declarations that appear after nested
  rules will be changing to match the behavior specified by CSS in an upcoming
  version. To keep the existing behavior, move the declaration above the nested
  rule. To opt into the new behavior, wrap the declaration in `& {}`.

  More info: https://sass-lang.com/d/mixed-decls


▲ [WARNING] Deprecation [plugin angular-sass]

    projects/social_platform/src/app/ui/widgets/project-vacancy-card/project-vacancy-card.component.scss:19:2:
      19 │   display: flex;
         ╵   ^


  Sass's behavior for declarations that appear after nested
  rules will be changing to match the behavior specified by CSS in an upcoming
  version. To keep the existing behavior, move the declaration above the nested
  rule. To opt into the new behavior, wrap the declaration in `& {}`.

  More info: https://sass-lang.com/d/mixed-decls


▲ [WARNING] Deprecation [plugin angular-sass]

    projects/social_platform/src/app/ui/widgets/project-vacancy-card/project-vacancy-card.component.scss:20:2:
      20 │   flex: 1;
         ╵   ^


  Sass's behavior for declarations that appear after nested
  rules will be changing to match the behavior specified by CSS in an upcoming
  version. To keep the existing behavior, move the declaration above the nested
  rule. To opt into the new behavior, wrap the declaration in `& {}`.

  More info: https://sass-lang.com/d/mixed-decls


▲ [WARNING] Deprecation [plugin angular-sass]

    projects/social_platform/src/app/ui/widgets/project-vacancy-card/project-vacancy-card.component.scss:20:2:
      20 │   flex: 1;
         ╵   ^


  Sass's behavior for declarations that appear after nested
  rules will be changing to match the behavior specified by CSS in an upcoming
  version. To keep the existing behavior, move the declaration above the nested
  rule. To opt into the new behavior, wrap the declaration in `& {}`.

  More info: https://sass-lang.com/d/mixed-decls


▲ [WARNING] Deprecation [plugin angular-sass]

    projects/social_platform/src/app/ui/widgets/vacancy-card/vacancy-card.component.scss:17:2:
      17 │   display: flex;
         ╵   ^


  Sass's behavior for declarations that appear after nested
  rules will be changing to match the behavior specified by CSS in an upcoming
  version. To keep the existing behavior, move the declaration above the nested
  rule. To opt into the new behavior, wrap the declaration in `& {}`.

  More info: https://sass-lang.com/d/mixed-decls


▲ [WARNING] Deprecation [plugin angular-sass]

    projects/social_platform/src/app/ui/widgets/vacancy-card/vacancy-card.component.scss:18:2:
      18 │   flex-direction: column;
         ╵   ^


  Sass's behavior for declarations that appear after nested
  rules will be changing to match the behavior specified by CSS in an upcoming
  version. To keep the existing behavior, move the declaration above the nested
  rule. To opt into the new behavior, wrap the declaration in `& {}`.

  More info: https://sass-lang.com/d/mixed-decls


▲ [WARNING] Deprecation [plugin angular-sass]

    projects/social_platform/src/app/ui/widgets/vacancy-card/vacancy-card.component.scss:19:2:
      19 │   gap: 16px;
         ╵   ^


  Sass's behavior for declarations that appear after nested
  rules will be changing to match the behavior specified by CSS in an upcoming
  version. To keep the existing behavior, move the declaration above the nested
  rule. To opt into the new behavior, wrap the declaration in `& {}`.

  More info: https://sass-lang.com/d/mixed-decls


▲ [WARNING] Deprecation [plugin angular-sass]

    projects/social_platform/src/app/ui/widgets/vacancy-card/vacancy-card.component.scss:20:2:
      20 │   height: 100%;
         ╵   ^


  Sass's behavior for declarations that appear after nested
  rules will be changing to match the behavior specified by CSS in an upcoming
  version. To keep the existing behavior, move the declaration above the nested
  rule. To opt into the new behavior, wrap the declaration in `& {}`.

  More info: https://sass-lang.com/d/mixed-decls


▲ [WARNING] Deprecation [plugin angular-sass]

    projects/social_platform/src/app/ui/widgets/vacancy-created-dialog/vacancy-created-dialog.component.scss:52:4:
      52 │     flex-direction: column;
         ╵     ^


  Sass's behavior for declarations that appear after nested
  rules will be changing to match the behavior specified by CSS in an upcoming
  version. To keep the existing behavior, move the declaration above the nested
  rule. To opt into the new behavior, wrap the declaration in `& {}`.

  More info: https://sass-lang.com/d/mixed-decls


▲ [WARNING] Deprecation [plugin angular-sass]

    projects/social_platform/src/app/ui/widgets/vacancy-created-dialog/vacancy-created-dialog.component.scss:52:4:
      52 │     flex-direction: column;
         ╵     ^


  Sass's behavior for declarations that appear after nested
  rules will be changing to match the behavior specified by CSS in an upcoming
  version. To keep the existing behavior, move the declaration above the nested
  rule. To opt into the new behavior, wrap the declaration in `& {}`.

  More info: https://sass-lang.com/d/mixed-decls


▲ [WARNING] Deprecation [plugin angular-sass]

    projects/social_platform/src/app/ui/widgets/vacancy-created-dialog/vacancy-created-dialog.component.scss:53:4:
      53 │     margin-top: 20px;
         ╵     ^


  Sass's behavior for declarations that appear after nested
  rules will be changing to match the behavior specified by CSS in an upcoming
  version. To keep the existing behavior, move the declaration above the nested
  rule. To opt into the new behavior, wrap the declaration in `& {}`.

  More info: https://sass-lang.com/d/mixed-decls


▲ [WARNING] Deprecation [plugin angular-sass]

    projects/social_platform/src/app/ui/widgets/vacancy-created-dialog/vacancy-created-dialog.component.scss:53:4:
      53 │     margin-top: 20px;
         ╵     ^


  Sass's behavior for declarations that appear after nested
  rules will be changing to match the behavior specified by CSS in an upcoming
  version. To keep the existing behavior, move the declaration above the nested
  rule. To opt into the new behavior, wrap the declaration in `& {}`.

  More info: https://sass-lang.com/d/mixed-decls


▲ [WARNING] Deprecation [plugin angular-sass]

    projects/social_platform/src/app/ui/widgets/vacancy-skills/vacancy-skills.component.scss:33:4:
      33 │     padding: 4px 10px;
         ╵     ^


  Sass's behavior for declarations that appear after nested
  rules will be changing to match the behavior specified by CSS in an upcoming
  version. To keep the existing behavior, move the declaration above the nested
  rule. To opt into the new behavior, wrap the declaration in `& {}`.

  More info: https://sass-lang.com/d/mixed-decls


▲ [WARNING] Deprecation [plugin angular-sass]

    projects/social_platform/src/app/ui/widgets/vacancy-skills/vacancy-skills.component.scss:33:4:
      33 │     padding: 4px 10px;
         ╵     ^


  Sass's behavior for declarations that appear after nested
  rules will be changing to match the behavior specified by CSS in an upcoming
  version. To keep the existing behavior, move the declaration above the nested
  rule. To opt into the new behavior, wrap the declaration in `& {}`.

  More info: https://sass-lang.com/d/mixed-decls


▲ [WARNING] Deprecation [plugin angular-sass]

    projects/social_platform/src/app/ui/widgets/vacancy-skills/vacancy-skills.component.scss:34:4:
      34 │     font: inherit;
         ╵     ^


  Sass's behavior for declarations that appear after nested
  rules will be changing to match the behavior specified by CSS in an upcoming
  version. To keep the existing behavior, move the declaration above the nested
  rule. To opt into the new behavior, wrap the declaration in `& {}`.

  More info: https://sass-lang.com/d/mixed-decls


▲ [WARNING] Deprecation [plugin angular-sass]

    projects/social_platform/src/app/ui/widgets/vacancy-skills/vacancy-skills.component.scss:34:4:
      34 │     font: inherit;
         ╵     ^


  Sass's behavior for declarations that appear after nested
  rules will be changing to match the behavior specified by CSS in an upcoming
  version. To keep the existing behavior, move the declaration above the nested
  rule. To opt into the new behavior, wrap the declaration in `& {}`.

  More info: https://sass-lang.com/d/mixed-decls


▲ [WARNING] Deprecation [plugin angular-sass]

    projects/social_platform/src/app/ui/widgets/vacancy-skills/vacancy-skills.component.scss:44:4:
      44 │     line-height: 18px;
         ╵     ^


  Sass's behavior for declarations that appear after nested
  rules will be changing to match the behavior specified by CSS in an upcoming
  version. To keep the existing behavior, move the declaration above the nested
  rule. To opt into the new behavior, wrap the declaration in `& {}`.

  More info: https://sass-lang.com/d/mixed-decls


▲ [WARNING] Deprecation [plugin angular-sass]

    projects/ui/src/lib/components/primitives/button/button.component.scss:44:2:
      44 │   position: relative;
         ╵   ^


  Sass's behavior for declarations that appear after nested
  rules will be changing to match the behavior specified by CSS in an upcoming
  version. To keep the existing behavior, move the declaration above the nested
  rule. To opt into the new behavior, wrap the declaration in `& {}`.

  More info: https://sass-lang.com/d/mixed-decls


▲ [WARNING] Deprecation [plugin angular-sass]

    projects/ui/src/lib/components/primitives/button/button.component.scss:44:2:
      44 │   position: relative;
         ╵   ^


  Sass's behavior for declarations that appear after nested
  rules will be changing to match the behavior specified by CSS in an upcoming
  version. To keep the existing behavior, move the declaration above the nested
  rule. To opt into the new behavior, wrap the declaration in `& {}`.

  More info: https://sass-lang.com/d/mixed-decls


▲ [WARNING] Deprecation [plugin angular-sass]

    projects/social_platform/src/styles.scss:9:8:
      9 │ @import "styles/colors.scss";
        ╵         ^


  Sass @import rules are deprecated and will be removed in Dart Sass 3.0.0.

  More info and automated migrator: https://sass-lang.com/d/import

  The plugin "angular-sass" was triggered by this import

    angular:styles/global:styles:1:8:
      1 │ @import 'projects/social_platform/src/styles.scss';
        ╵         ~~~~~~~~~~~~~~~~~~~~~~~~~~~~~~~~~~~~~~~~~~


▲ [WARNING] Deprecation [plugin angular-sass]

    projects/social_platform/src/styles.scss:10:8:
      10 │ @import "styles/global.scss";
         ╵         ^


  Sass @import rules are deprecated and will be removed in Dart Sass 3.0.0.

  More info and automated migrator: https://sass-lang.com/d/import

  The plugin "angular-sass" was triggered by this import

    angular:styles/global:styles:1:8:
      1 │ @import 'projects/social_platform/src/styles.scss';
        ╵         ~~~~~~~~~~~~~~~~~~~~~~~~~~~~~~~~~~~~~~~~~~


▲ [WARNING] Deprecation [plugin angular-sass]

    projects/social_platform/src/styles.scss:11:8:
      11 │ @import "styles/responsive.scss";
         ╵         ^


  Sass @import rules are deprecated and will be removed in Dart Sass 3.0.0.

  More info and automated migrator: https://sass-lang.com/d/import

  The plugin "angular-sass" was triggered by this import

    angular:styles/global:styles:1:8:
      1 │ @import 'projects/social_platform/src/styles.scss';
        ╵         ~~~~~~~~~~~~~~~~~~~~~~~~~~~~~~~~~~~~~~~~~~


▲ [WARNING] Deprecation [plugin angular-sass]

    projects/social_platform/src/styles.scss:12:8:
      12 │ @import "styles/rounded.scss";
         ╵         ^


  Sass @import rules are deprecated and will be removed in Dart Sass 3.0.0.

  More info and automated migrator: https://sass-lang.com/d/import

  The plugin "angular-sass" was triggered by this import

    angular:styles/global:styles:1:8:
      1 │ @import 'projects/social_platform/src/styles.scss';
        ╵         ~~~~~~~~~~~~~~~~~~~~~~~~~~~~~~~~~~~~~~~~~~


▲ [WARNING] Deprecation [plugin angular-sass]

    projects/social_platform/src/styles.scss:13:8:
      13 │ @import "styles/typography.scss";
         ╵         ^


  Sass @import rules are deprecated and will be removed in Dart Sass 3.0.0.

  More info and automated migrator: https://sass-lang.com/d/import

  The plugin "angular-sass" was triggered by this import

    angular:styles/global:styles:1:8:
      1 │ @import 'projects/social_platform/src/styles.scss';
        ╵         ~~~~~~~~~~~~~~~~~~~~~~~~~~~~~~~~~~~~~~~~~~


▲ [WARNING] 11 repetitive deprecation warnings omitted.
Run in verbose mode to see all warnings. [plugin angular-sass]

    angular:styles/global:styles:1:8:
      1 │ @import 'projects/social_platform/src/styles.scss';
        ╵         ~~~~~~~~~~~~~~~~~~~~~~~~~~~~~~~~~~~~~~~~~~

  null


▲ [WARNING] bundle initial exceeded maximum budget. Budget 500.00 kB was not met by 960.04 kB with a total of 1.46 MB.


▲ [WARNING] projects/social_platform/src/app/ui/pages/profile/edit/components/profile-achievements-step/profile-achievements-step.component.scss exceeded maximum budget. Budget 2.00 kB was not met by 489 bytes with a total of 2.49 kB.


▲ [WARNING] projects/social_platform/src/app/ui/pages/profile/edit/components/profile-experience-step/profile-experience-step.component.scss exceeded maximum budget. Budget 2.00 kB was not met by 407 bytes with a total of 2.41 kB.


▲ [WARNING] projects/social_platform/src/app/ui/widgets/news-card/feed-news-modal/feed-news-modal.component.scss exceeded maximum budget. Budget 2.00 kB was not met by 1.48 kB with a total of 3.48 kB.


▲ [WARNING] projects/social_platform/src/app/ui/pages/feed/new-project/new-project.component.scss exceeded maximum budget. Budget 2.00 kB was not met by 4.42 kB with a total of 6.42 kB.


▲ [WARNING] projects/social_platform/src/app/ui/widgets/projects-filter/projects-filter.component.scss exceeded maximum budget. Budget 2.00 kB was not met by 3.71 kB with a total of 5.71 kB.


▲ [WARNING] projects/social_platform/src/app/ui/widgets/news-card/feed-news-preview/feed-news-preview.component.scss exceeded maximum budget. Budget 2.00 kB was not met by 7.66 kB with a total of 9.66 kB.


▲ [WARNING] projects/social_platform/src/app/ui/pages/profile/detail/main/components/profile-left-side/profile-left-side.component.scss exceeded maximum budget. Budget 2.00 kB was not met by 1.42 kB with a total of 3.42 kB.


▲ [WARNING] projects/social_platform/src/app/ui/pages/onboarding/stage-three/user-type-card/user-type-card.component.scss exceeded maximum budget. Budget 2.00 kB was not met by 2.66 kB with a total of 4.66 kB.


▲ [WARNING] projects/social_platform/src/app/ui/pages/program/detail/analytics/drilldown/analytics-drilldown.component.scss exceeded maximum budget. Budget 2.00 kB was not met by 8.95 kB with a total of 10.95 kB.


▲ [WARNING] projects/social_platform/src/app/ui/pages/vacancies/detail/info/components/vacancies-right-side/vacancies-right-side.component.scss exceeded maximum budget. Budget 2.00 kB was not met by 305 bytes with a total of 2.31 kB.


▲ [WARNING] projects/social_platform/src/app/ui/pages/auth/email-verification/email-verification.component.scss exceeded maximum budget. Budget 2.00 kB was not met by 2.72 kB with a total of 4.72 kB.


▲ [WARNING] projects/social_platform/src/app/ui/pages/vacancies/detail/info/info.component.scss exceeded maximum budget. Budget 2.00 kB was not met by 4.49 kB with a total of 6.49 kB.


▲ [WARNING] projects/social_platform/src/app/ui/pages/members/member-card/member-card.component.scss exceeded maximum budget. Budget 2.00 kB was not met by 5.31 kB with a total of 7.31 kB.


▲ [WARNING] projects/social_platform/src/app/ui/pages/projects/edit/components/project-navigation/project-navigation.component.scss exceeded maximum budget. Budget 2.00 kB was not met by 3.52 kB with a total of 5.52 kB.


▲ [WARNING] projects/social_platform/src/app/ui/primitives/avatar-control/avatar-control.component.scss exceeded maximum budget. Budget 2.00 kB was not met by 262 bytes with a total of 2.26 kB.


▲ [WARNING] projects/social_platform/src/app/ui/widgets/project-direction-card/project-direction-card.component.scss exceeded maximum budget. Budget 2.00 kB was not met by 1.74 kB with a total of 3.74 kB.


▲ [WARNING] projects/social_platform/src/app/ui/pages/program/detail/list/rating-card/project-rating/project-rating.component.scss exceeded maximum budget. Budget 2.00 kB was not met by 3.06 kB with a total of 5.06 kB.


▲ [WARNING] projects/social_platform/src/app/ui/pages/program/detail/list/rating-card/rating-card.component.scss exceeded maximum budget. Budget 2.00 kB was not met by 5.02 kB with a total of 7.02 kB.


▲ [WARNING] projects/social_platform/src/app/ui/pages/onboarding/stage-two/stage-two.component.scss exceeded maximum budget. Budget 2.00 kB was not met by 4.88 kB with a total of 6.88 kB.


▲ [WARNING] projects/social_platform/src/app/ui/pages/office/office.component.scss exceeded maximum budget. Budget 2.00 kB was not met by 2.10 kB with a total of 4.10 kB.


▲ [WARNING] projects/social_platform/src/app/ui/pages/projects/edit/components/project-team-step/invite-card/invite-card.component.scss exceeded maximum budget. Budget 2.00 kB was not met by 447 bytes with a total of 2.45 kB.


▲ [WARNING] projects/social_platform/src/app/ui/pages/vacancies/detail/vacancies-detail.component.scss exceeded maximum budget. Budget 2.00 kB was not met by 192 bytes with a total of 2.19 kB.


▲ [WARNING] projects/social_platform/src/app/ui/pages/members/members-filters/members-filters.component.scss exceeded maximum budget. Budget 2.00 kB was not met by 2.85 kB with a total of 4.85 kB.


▲ [WARNING] projects/social_platform/src/app/ui/primitives/modal/modal.component.scss exceeded maximum budget. Budget 2.00 kB was not met by 609 bytes with a total of 2.61 kB.


▲ [WARNING] projects/social_platform/src/app/ui/pages/program/detail/list/program-projects-filter/program-projects-filter.component.scss exceeded maximum budget. Budget 2.00 kB was not met by 3.65 kB with a total of 5.65 kB.


▲ [WARNING] projects/social_platform/src/app/ui/widgets/detail/detail.component.scss exceeded maximum budget. Budget 2.00 kB was not met by 8.91 kB with a total of 10.91 kB.


▲ [WARNING] projects/social_platform/src/app/ui/widgets/info-card/info-card.component.scss exceeded maximum budget. Budget 2.00 kB was not met by 11.76 kB with a total of 13.76 kB.


▲ [WARNING] projects/social_platform/src/app/ui/pages/profile/detail/main/components/profile-right-side/profile-right-side.component.scss exceeded maximum budget. Budget 2.00 kB was not met by 1.91 kB with a total of 3.91 kB.


▲ [WARNING] projects/social_platform/src/app/ui/pages/courses/detail/course-detail.component.scss exceeded maximum budget. Budget 2.00 kB was not met by 3.81 kB with a total of 5.81 kB.


▲ [WARNING] projects/social_platform/src/app/ui/pages/onboarding/stage-one/stage-one.component.scss exceeded maximum budget. Budget 2.00 kB was not met by 3.88 kB with a total of 5.88 kB.


▲ [WARNING] projects/social_platform/src/app/ui/widgets/vacancy-filter/vacancy-filter.component.scss exceeded maximum budget. Budget 2.00 kB was not met by 4.21 kB with a total of 6.21 kB.


▲ [WARNING] projects/social_platform/src/app/ui/widgets/feed-filter/feed-filter.component.scss exceeded maximum budget. Budget 2.00 kB was not met by 6.18 kB with a total of 8.18 kB.


▲ [WARNING] projects/social_platform/src/app/ui/pages/onboarding/stage-zero/stage-zero.component.scss exceeded maximum budget. Budget 2.00 kB was not met by 1.06 kB with a total of 3.06 kB.


▲ [WARNING] projects/social_platform/src/app/ui/pages/courses/detail/info/course-module-card/circle-progress-bar/circle-progress-bar.component.scss exceeded maximum budget. Budget 2.00 kB was not met by 2.46 kB with a total of 4.46 kB.


▲ [WARNING] projects/social_platform/src/app/ui/widgets/chat-window/chat-message/chat-message.component.scss exceeded maximum budget. Budget 2.00 kB was not met by 3.62 kB with a total of 5.62 kB.


▲ [WARNING] projects/social_platform/src/app/ui/pages/members/members.component.scss exceeded maximum budget. Budget 2.00 kB was not met by 193 bytes with a total of 2.19 kB.


▲ [WARNING] projects/social_platform/src/app/ui/pages/courses/lesson/shared/exclude-task/exclude-task.component.scss exceeded maximum budget. Budget 2.00 kB was not met by 4.66 kB with a total of 6.66 kB.


▲ [WARNING] projects/social_platform/src/app/ui/pages/projects/list/list.component.scss exceeded maximum budget. Budget 2.00 kB was not met by 519 bytes with a total of 2.52 kB.


▲ [WARNING] projects/social_platform/src/app/ui/pages/projects/edit/components/project-additional-step/project-additional-step.component.scss exceeded maximum budget. Budget 2.00 kB was not met by 5.68 kB with a total of 7.68 kB.


▲ [WARNING] projects/social_platform/src/app/ui/pages/profile/edit/components/profile-education-step/profile-education-step.component.scss exceeded maximum budget. Budget 2.00 kB was not met by 407 bytes with a total of 2.41 kB.


▲ [WARNING] projects/social_platform/src/app/ui/pages/projects/edit/components/project-partner-resources-step/project-partner-resources-step.component.scss exceeded maximum budget. Budget 2.00 kB was not met by 2.42 kB with a total of 4.42 kB.


▲ [WARNING] projects/social_platform/src/app/ui/pages/vacancies/list/response-card/response-card.component.scss exceeded maximum budget. Budget 2.00 kB was not met by 584 bytes with a total of 2.58 kB.


▲ [WARNING] projects/social_platform/src/app/ui/pages/courses/lesson/shared/radio-select-task/radio-select-task.component.scss exceeded maximum budget. Budget 2.00 kB was not met by 5.18 kB with a total of 7.18 kB.


▲ [WARNING] projects/social_platform/src/app/ui/widgets/message-input/message-input.component.scss exceeded maximum budget. Budget 2.00 kB was not met by 4.93 kB with a total of 6.93 kB.


▲ [WARNING] projects/social_platform/src/app/ui/widgets/vacancy-card/vacancy-card.component.scss exceeded maximum budget. Budget 2.00 kB was not met by 138 bytes with a total of 2.14 kB.


▲ [WARNING] projects/social_platform/src/app/ui/pages/vacancies/detail/info/components/vacancy-responses/vacancy-responses.component.scss exceeded maximum budget. Budget 2.00 kB was not met by 1.93 kB with a total of 3.93 kB.


▲ [WARNING] projects/social_platform/src/app/ui/pages/projects/edit/components/project-team-step/collaborator-card/collaborator-card.component.scss exceeded maximum budget. Budget 2.00 kB was not met by 447 bytes with a total of 2.45 kB.


▲ [WARNING] projects/social_platform/src/app/ui/pages/program/detail/analytics/analytics.component.scss exceeded maximum budget. Budget 2.00 kB was not met by 12.32 kB with a total of 14.32 kB.


▲ [WARNING] projects/social_platform/src/app/ui/pages/courses/lesson/lesson.component.scss exceeded maximum budget. Budget 2.00 kB was not met by 3.67 kB with a total of 5.67 kB.


▲ [WARNING] projects/social_platform/src/app/ui/pages/feed/open-vacancy/open-vacancy.component.scss exceeded maximum budget. Budget 2.00 kB was not met by 4.25 kB with a total of 6.25 kB.


▲ [WARNING] projects/social_platform/src/app/ui/pages/profile/edit/components/profile-main-step/profile-main-step.component.scss exceeded maximum budget. Budget 2.00 kB was not met by 318 bytes with a total of 2.32 kB.


▲ [WARNING] projects/social_platform/src/app/ui/pages/courses/lesson/shared/write-task/write-task.component.scss exceeded maximum budget. Budget 2.00 kB was not met by 1.07 kB with a total of 3.07 kB.


▲ [WARNING] projects/social_platform/src/app/ui/pages/courses/courses.component.scss exceeded maximum budget. Budget 2.00 kB was not met by 2.46 kB with a total of 4.46 kB.


▲ [WARNING] projects/social_platform/src/app/ui/pages/projects/edit/components/project-vacancy-step/project-vacancy-step.component.scss exceeded maximum budget. Budget 2.00 kB was not met by 5.39 kB with a total of 7.39 kB.


▲ [WARNING] projects/social_platform/src/app/ui/primitives/search/search.component.scss exceeded maximum budget. Budget 2.00 kB was not met by 1.14 kB with a total of 3.14 kB.


▲ [WARNING] projects/social_platform/src/app/ui/pages/program/detail/main/role-widget/program-role-widget.component.scss exceeded maximum budget. Budget 2.00 kB was not met by 2.98 kB with a total of 4.98 kB.


▲ [WARNING] projects/social_platform/src/app/ui/primitives/tag/tag.component.scss exceeded maximum budget. Budget 2.00 kB was not met by 1.52 kB with a total of 3.52 kB.


▲ [WARNING] projects/social_platform/src/app/ui/pages/courses/detail/info/info.component.scss exceeded maximum budget. Budget 2.00 kB was not met by 3.55 kB with a total of 5.55 kB.


▲ [WARNING] projects/social_platform/src/app/ui/widgets/news-card/news-card.component.scss exceeded maximum budget. Budget 2.00 kB was not met by 5.23 kB with a total of 7.23 kB.


▲ [WARNING] projects/social_platform/src/app/ui/pages/program/detail/main/main.component.scss exceeded maximum budget. Budget 2.00 kB was not met by 4.66 kB with a total of 6.66 kB.


▲ [WARNING] projects/social_platform/src/app/ui/primitives/tooltip/tooltip.component.scss exceeded maximum budget. Budget 2.00 kB was not met by 4.19 kB with a total of 6.19 kB.


▲ [WARNING] projects/social_platform/src/app/ui/pages/members/member-statistics-card/member-statistics-card.component.scss exceeded maximum budget. Budget 2.00 kB was not met by 63 bytes with a total of 2.06 kB.


▲ [WARNING] projects/social_platform/src/app/ui/pages/profile/edit/edit.component.scss exceeded maximum budget. Budget 2.00 kB was not met by 7.86 kB with a total of 9.86 kB.


▲ [WARNING] projects/social_platform/src/app/ui/widgets/project-vacancy-card/project-vacancy-card.component.scss exceeded maximum budget. Budget 2.00 kB was not met by 1.64 kB with a total of 3.64 kB.


▲ [WARNING] projects/social_platform/src/app/ui/widgets/project-invite/project-invite-dialog.component.scss exceeded maximum budget. Budget 2.00 kB was not met by 9.88 kB with a total of 11.88 kB.


▲ [WARNING] projects/social_platform/src/app/ui/pages/profile/edit/components/profile-skills-step/profile-skills-step.component.scss exceeded maximum budget. Budget 2.00 kB was not met by 666 bytes with a total of 2.67 kB.


▲ [WARNING] projects/social_platform/src/app/ui/pages/courses/lesson/complete/complete.component.scss exceeded maximum budget. Budget 2.00 kB was not met by 2.66 kB with a total of 4.66 kB.


▲ [WARNING] projects/social_platform/src/app/ui/pages/projects/edit/edit.component.scss exceeded maximum budget. Budget 2.00 kB was not met by 4.84 kB with a total of 6.84 kB.


▲ [WARNING] projects/social_platform/src/app/ui/pages/courses/lesson/shared/file-task/file-task.component.scss exceeded maximum budget. Budget 2.00 kB was not met by 5.28 kB with a total of 7.28 kB.


▲ [WARNING] projects/social_platform/src/app/ui/pages/office/nav/nav.component.scss exceeded maximum budget. Budget 2.00 kB was not met by 5.51 kB with a total of 7.51 kB.


▲ [WARNING] projects/social_platform/src/app/ui/pages/onboarding/stage-three/stage-three.component.scss exceeded maximum budget. Budget 2.00 kB was not met by 2.52 kB with a total of 4.52 kB.


▲ [WARNING] projects/social_platform/src/app/ui/primitives/autocomplete-input/autocomplete-input.component.scss exceeded maximum budget. Budget 2.00 kB was not met by 9.31 kB with a total of 11.31 kB.


▲ [WARNING] projects/social_platform/src/app/ui/pages/projects/edit/components/project-main-step/project-main-step.component.scss exceeded maximum budget. Budget 2.00 kB was not met by 5.57 kB with a total of 7.57 kB.


▲ [WARNING] projects/social_platform/src/app/ui/pages/program/detail/list/rating-card/project-rating/components/range-criterion-input/range-criterion-input.component.scss exceeded maximum budget. Budget 2.00 kB was not met by 2.78 kB with a total of 4.78 kB.


▲ [WARNING] projects/social_platform/src/app/ui/primitives/select/select.component.scss exceeded maximum budget. Budget 2.00 kB was not met by 6.82 kB with a total of 8.82 kB.


▲ [WARNING] projects/social_platform/src/app/ui/pages/program/main/program-card/program-card.component.scss exceeded maximum budget. Budget 2.00 kB was not met by 116 bytes with a total of 2.12 kB.


▲ [WARNING] projects/social_platform/src/app/ui/pages/projects/edit/components/project-achievement-step/project-achievement-step.component.scss exceeded maximum budget. Budget 2.00 kB was not met by 2.71 kB with a total of 4.71 kB.


▲ [WARNING] projects/social_platform/src/app/ui/pages/program/detail/list/list.component.scss exceeded maximum budget. Budget 2.00 kB was not met by 7.12 kB with a total of 9.12 kB.


▲ [WARNING] projects/ui/src/lib/components/primitives/button/button.component.scss exceeded maximum budget. Budget 2.00 kB was not met by 8.57 kB with a total of 10.57 kB.


▲ [WARNING] projects/social_platform/src/app/ui/pages/auth/register/register.component.scss exceeded maximum budget. Budget 2.00 kB was not met by 3.48 kB with a total of 5.48 kB.


▲ [WARNING] projects/social_platform/src/app/ui/primitives/textarea/textarea.component.scss exceeded maximum budget. Budget 2.00 kB was not met by 6.40 kB with a total of 8.40 kB.


▲ [WARNING] projects/social_platform/src/app/ui/pages/auth/login/login.component.scss exceeded maximum budget. Budget 2.00 kB was not met by 3.93 kB with a total of 5.93 kB.


▲ [WARNING] projects/social_platform/src/app/ui/widgets/news-card/carousel/carousel.component.scss exceeded maximum budget. Budget 2.00 kB was not met by 3.53 kB with a total of 5.53 kB.


▲ [WARNING] projects/social_platform/src/app/ui/primitives/input/input.component.scss exceeded maximum budget. Budget 2.00 kB was not met by 9.80 kB with a total of 11.80 kB.


▲ [WARNING] projects/social_platform/src/app/ui/pages/courses/list/course/course.component.scss exceeded maximum budget. Budget 2.00 kB was not met by 3.72 kB with a total of 5.72 kB.


▲ [WARNING] projects/social_platform/src/app/ui/widgets/skills-basket/skills-basket.component.scss exceeded maximum budget. Budget 2.00 kB was not met by 3.40 kB with a total of 5.40 kB.


▲ [WARNING] Module 'dayjs' used by 'projects/social_platform/src/app/api/auth/facades/ui/auth-ui-info.service.ts' is not ESM

  CommonJS or AMD dependencies can cause optimization bailouts.
  For more information see: https://angular.dev/tools/cli/build#configuring-commonjs-dependencies


▲ [WARNING] Module 'snakecase-keys' used by 'projects/core/src/lib/interceptors/camelcase.interceptor.ts' is not ESM

  CommonJS or AMD dependencies can cause optimization bailouts.
  For more information see: https://angular.dev/tools/cli/build#configuring-commonjs-dependencies


▲ [WARNING] Module 'dayjs/plugin/customParseFormat' used by 'projects/core/src/lib/services/validation/validation.service.ts' is not ESM

  CommonJS or AMD dependencies can cause optimization bailouts.
  For more information see: https://angular.dev/tools/cli/build#configuring-commonjs-dependencies


▲ [WARNING] Module 'dayjs/plugin/relativeTime' used by 'projects/core/src/lib/services/validation/validation.service.ts' is not ESM

  CommonJS or AMD dependencies can cause optimization bailouts.
  For more information see: https://angular.dev/tools/cli/build#configuring-commonjs-dependencies


▲ [WARNING] Module 'dayjs/plugin/isToday' used by 'projects/core/src/lib/pipes/formatters/dayjs.pipe.ts' is not ESM

  CommonJS or AMD dependencies can cause optimization bailouts.
  For more information see: https://angular.dev/tools/cli/build#configuring-commonjs-dependencies


▲ [WARNING] Module 'dayjs/locale/ru' used by 'projects/core/src/lib/pipes/formatters/dayjs.pipe.ts' is not ESM

  CommonJS or AMD dependencies can cause optimization bailouts.
  For more information see: https://angular.dev/tools/cli/build#configuring-commonjs-dependencies


▲ [WARNING] Module 'file-saver' used by 'projects/social_platform/src/app/utils/export-file.ts' is not ESM

  CommonJS or AMD dependencies can cause optimization bailouts.
  For more information see: https://angular.dev/tools/cli/build#configuring-commonjs-dependencies


▲ [WARNING] Module 'map-obj' used by 'node_modules/camelcase-keys/index.js' is not ESM

  CommonJS or AMD dependencies can cause optimization bailouts.
  For more information see: https://angular.dev/tools/cli/build#configuring-commonjs-dependencies


Output location: Z:\Документы\PROCOLLAB-dev\procollab-dev-platform-responsive\dist\social_platform
